dateTime,4175748,4176063,4176617,4177080,4177266,4178000,4181049,4182000,4183000,4183038,4183500,4183979,4184500,4185318,4185935,4186500,4188100,4188496,4190000,4191058,4191444,4191500,4192500,41843678
2022-01-01,1.9726652142169725,4.770451569657973,6.794723792900893,2.7598411383995374,2.357178056800858,2.5365129346941058,5.1136491774203305,4.956923830923088,3.9070851004395513,5.8724169489246325,3.3687013338659275,6.9329926551022885,3.038701333865928,4.852992655102288,5.068701333865928,5.4329926551022885,5.568701333865928,7.582992655102288,5.338701333865927,5.232992655102288,9.547364516223947,4.866382784641026,3.7341356680767697,2.614623618282013
2022-01-02,1.9706232767905978,4.849042422978738,6.585982071097153,2.6530559990494056,2.434094301956168,2.434229256434697,5.133684182395437,4.720908988535301,3.9891670857258172,6.575982071097153,3.4230559990494056,6.2240943019561685,3.0742292564346965,5.213684182395437,5.0909089885353005,4.879167085725817,5.8759820710971535,7.723055999049405,5.244094301956168,4.924229256434697,7.883684182395437,5.010908988535301,3.819167085725817,2.456868392009033
2022-01-03,1.6651481069436105,4.78346907824928,6.783755638550579,2.5770419415657293,2.512241780846243,2.269772464906229,5.668185456868137,4.421230471261346,3.641513579172363,5.550052259926654,3.5433335971173068,4.001571638391823,3.074210673155678,5.3352695689742795,6.73958437266019,5.185198833495442,5.686428925627183,7.069958921967084,5.960232747590899,4.14994328645211,6.666908399647011,5.091847168920194,3.7114787949078685,2.428269440525802
2022-01-04,2.0958443386812604,5.095391037581742,6.516165119245329,2.473515629180515,2.604648561493447,2.3484701457607935,5.947821231342672,4.430793724782301,3.245839604485091,6.509009877485307,3.315221486286273,6.652786060276755,2.741500469217711,4.746949891349594,5.992459037382091,6.183999858656623,5.5445161764363915,6.857509385368358,5.612326138631919,5.882120226686936,8.664846420094497,5.658909872883395,3.9843787603696494,2.6034608932579664
2022-01-05,2.2603166934528094,5.192685960292001,6.452363465120227,2.3724349535171214,2.5027119896259085,2.2633691996768204,5.344086566558014,4.734086566558013,3.6840865665580136,6.874086566558013,3.6340865665580138,8.524086566558013,2.8540865665580135,4.914086566558013,5.7740865665580134,6.404086566558013,5.614086566558013,6.924086566558014,6.054086566558014,5.724086566558014,10.474086566558013,5.704086566558013,3.954086566558014,2.5540865665580137
2022-01-06,2.254086566558014,5.164086566558013,6.414086566558013,2.2840865665580132,2.424086566558014,2.2340865665580134,5.424086566558014,4.964086566558014,3.624086566558014,6.874086566558013,3.704086566558014,8.614086566558013,2.7840865665580132,4.764086566558014,5.454086566558013,5.944086566558013,5.464086566558014,7.044086566558013,5.624850559388117,5.167345735474604,11.302322957772256,6.262379022170061,3.869908027631183,2.1929936466714532
2022-01-07,1.9365497540660923,5.967447005855181,6.1218135062756165,1.884981182720625,2.2222603143265616,2.0181368266501245,5.325033068050369,4.866171278004256,3.5506395337040972,6.860762193841135,3.8045630843861633,8.562653490326154,3.5101813090446057,4.437173875114864,4.582183536988937,5.266345357853636,4.968762572413837,6.6338969713494915,4.966382864447094,5.257187599573113,11.380042369202743,5.998710922669795,3.7912208661136106,2.3975855550348792
2022-01-08,2.184805586373113,5.918261426892385,5.799484645400083,1.4951850849688633,1.6803525277045765,2.6787752263903086,4.788729411395504,5.811897565906848,3.1915142315356384,6.512892283778689,3.5931018426482124,8.025261512694277,2.5510534641424254,4.3509373679849235,4.898821581128223,5.697081927623973,5.239657670537721,6.608128009790041,5.023570131496048,5.5590748704074695,11.233727508478008,6.328903098089658,3.9491210397404415,2.5550453587526216
2022-01-09,2.272468275998427,5.123217536585097,6.259639089684861,2.0189879444134005,2.1550453587526217,2.092376436532569,5.2594575900208715,5.559121039740441,3.3750453587526215,6.884188631357054,4.128278666245735,8.288347409776549,2.5707160909064313,4.334672929657589,4.854720537215329,5.724086566558014,5.204086566558013,6.3140865665580135,4.864086566558013,5.5240865665580134,10.974086566558013,6.214086566558014,3.994086566558014,2.5940865665580137
2022-01-10,2.3140865665580135,5.164086566558013,6.244086566558013,1.9740865665580136,2.124086566558014,2.1140865665580137,5.194086566558013,5.1040865665580135,3.334086566558014,6.874086566558013,4.334086566558013,8.174086566558014,2.504086566558014,3.7071784876879144,4.3413484566416285,6.530422864728395,4.997170504189714,5.568449981245927,4.449450961367545,5.278042092922084,11.131580754809718,5.689134516482191,3.7520564302745174,2.490893754985247
2022-01-11,2.2223162050681613,5.031793098193399,6.037086607616595,1.9162614963304883,2.0967223667046424,2.1070251428040723,5.127159333702526,4.697159333702526,3.407001379247115,7.503047109406033,4.29593013124424,7.928938700713095,2.3373288865306985,3.9596375151521697,4.826596170987713,5.614458100489515,5.111291133101412,5.614654825467699,5.147938960834522,5.369754035747782,10.371153157501716,5.8046548254677,4.017938960834522,2.6097540357477818
2022-01-12,2.4175944616598777,5.572169554534231,5.8772720319929155,1.6533839995316002,1.800971580969215,1.8741138113634654,4.83461806234336,4.424297107228139,3.210167245254106,6.781876387669247,4.420730224288453,7.967161938749292,2.3277944023574126,3.8684015161286367,5.013849543769054,5.580453554583217,5.04290139310988,5.252158473557749,4.947602446179385,5.246920945024615,9.821343401626049,5.5980084822466685,4.002945213540217,2.579951245752644
2022-01-13,2.3455893372204684,5.138473634095992,6.079463920393392,1.7388596842847832,1.9659848159632332,2.0305145615027973,4.977420014513492,4.324676537701145,3.2567941776439358,6.866689567173617,4.346395721641155,8.036395721641155,2.286395721641155,3.816395721641155,5.206395721641155,5.637456554884608,5.103946510074912,5.167866608047071,4.901413449372016,5.232610256818204,9.376521712353581,5.491310743127417,3.9603697362195387,2.635590244259097
2022-01-14,2.343491041710614,5.1568572891971165,6.053138444373504,1.7205030746025336,1.9278931911042343,2.0087021211961984,4.908850454925612,4.240779390992397,3.608763126647001,7.248952294097797,4.0214643616484125,7.781359254404168,2.01683417806736,3.5049801712322775,5.211746881360037,5.612492232684788,5.087427826971931,5.014648561493447,4.941824886236077,5.194319989667124,8.905134175884232,5.328568594280419,3.9706283455960376,2.655068663331406
2022-01-15,2.3807556868109288,5.182581405557931,6.455195633034729,2.106587894443084,1.6952431368459204,1.637207739572177,4.605456940480089,3.9813560044004546,3.0672169901275352,6.740423534330484,4.169790497845533,8.02485241604952,2.23496905405518,3.620255042661511,5.354265844050506,6.327406681995901,4.6335992214713535,4.457467307063009,4.40796416523418,5.225049327134331,8.089227841609285,4.829252994741462,3.795798655524121,2.5753990315501873
2022-01-16,2.3271288830741352,5.134207711409998,5.9110816881305475,1.6538956715391844,1.9865302515537246,2.0610852616340414,4.892741234423468,4.1434819320597995,3.1797481512652563,6.863162989195333,3.9667015272254607,7.983116832950539,2.1315626593670833,3.4384576333266237,5.010979460847228,5.4999653162477875,5.036863166656863,4.73588397953214,4.463969285893715,5.076623911162238,7.904396436610039,5.003312397172123,3.9374370456690846,2.653278013531618
2022-01-17,2.4105030746025333,5.1478931911042345,5.928702121196198,1.6192571217764369,1.8522241070320125,1.943467126459245,4.727017231961311,4.049718346679044,3.2591386340682282,6.852106681696082,3.9339804953258124,8.01056325396993,2.1245123015866856,3.3670602248394648,5.029593119546692,5.498740300199964,5.058579284401473,4.60870965739955,4.38870965739955,5.038709657399551,7.408709657399551,4.889641810800747,3.9364243499564306,2.679169808054781
2022-01-18,2.4373055545624798,5.173050266261291,5.89856389066545,1.5997654882358316,1.8251839425987428,1.9470972738596048,4.6775101833606465,3.996993881095216,3.242720112751649,6.902242453064776,4.153148179699841,7.852181576707345,2.171445660767573,3.252812639950377,5.0573153151077905,5.472708648388501,5.094165681306722,4.485014770475377,4.781082378161727,5.006913661326156,6.912450525123911,4.842188158179905,4.386195810247816,2.801292246357622
2022-01-19,2.1993656570869353,5.015088912568583,5.732791230148373,1.459437828300456,1.7318882895586827,1.86596957877394,4.539010300518564,3.895632142778918,3.2016509086020317,6.8351423891584355,4.455391207662634,7.979257189387784,1.5667268585480287,2.79208420032856,5.277369520801581,5.814981722780382,4.860317213083475,4.029877801224794,5.019734315654132,4.755818648553243,6.364351690307122,4.523726096493519,3.8112698228968096,2.6482028963736712
2022-01-20,2.4884194732207345,5.136213603068723,5.841359767585887,1.5103257367053555,1.7819463962785331,1.8441262300738581,4.488308279873004,3.87505877120264,3.2435511534666635,6.844090651264539,3.68608869605261,7.923373660235835,2.050627704150479,3.1376507271687366,5.0651697772306665,5.424196733158759,5.1604993562995585,4.207509996040942,5.2751697772306665,4.894039126209023,7.036997688333574,4.903016592890772,3.846525851583278,2.699714097189929
2022-01-21,2.435560542909524,5.145679804859826,5.849528713227295,1.50567255678666,1.7761213308010464,1.8229866140730326,4.346658017334575,3.869714097189929,3.225560542909524,6.855679804859826,3.6695287132272956,7.8156725567866605,2.055679804859827,3.0795287132272957,5.04567255678666,5.395679804859826,5.139528713227295,4.096232780292909,5.07340408130433,4.886777256747762,7.588995833932126,5.138982542403545,3.783168407804756,2.447923785510801
2022-01-22,2.6294831235382348,5.108937111815222,5.945700959730779,1.548264400067178,1.789276442459176,1.892389590412297,4.260905169421845,3.906888416896359,3.28540989347661,6.921238200594102,3.707792186251313,7.819541248198581,2.1274514516669556,3.0732066436300016,5.208313707803515,5.480125474678502,5.2796030732214065,4.163659795077719,5.097638648493765,4.735643311989101,8.082800313622831,5.200262313399643,3.695521990479429,2.6143435421541814
2022-01-23,2.3712745537733633,5.098236400237132,5.82654156664862,1.473833280918006,1.7655367592416114,2.4295611339682757,4.23971873779017,3.5731700015549483,3.024490689142415,6.689580048728723,3.5163726294092745,7.56366748687042,1.9901841886873959,2.926060112811566,5.0659130845103855,5.310743194487715,5.0774141845541365,3.788460455252989,5.160793410475761,4.91440150177624,8.750030461183984,5.509880466284805,3.8286684868345118,2.7376609050015284
2022-01-24,2.464399512254377,5.08441996655998,5.841575263162795,1.4286352771666335,1.6793855491138021,1.7225412761689851,3.893837065619249,3.7606014175872096,3.201486666550023,6.826039053898776,3.6193010015822624,7.528272890809548,2.027937612758217,2.8005290399643332,5.010212530085566,5.230035402045208,5.001219704080006,3.613323411048656,4.884072572037924,4.738134895098895,9.172805560299038,5.142352846249759,3.5969029701198707,2.5525948015362325
2022-01-25,2.334228066118202,5.152341410233426,5.999526250426003,1.846522361779301,2.1136574294476684,1.4779369940415483,3.631583405378187,3.7022437633453276,3.126199507738153,6.5710745789832385,3.366353202106355,7.217605112963873,1.9681803897871755,3.594040378773149,4.84895426765934,5.07531382974061,4.953850184193308,3.37689888196588,4.653026744866833,4.624757697899741,9.754676106112408,5.368855841165433,3.7971536862105566,3.0491934300679473
2022-01-26,3.066052539258444,5.149347279961574,5.665817605142766,1.0240393981231888,1.323533547583403,1.3303783303903232,3.2355781435584077,3.3482076003082635,2.965849260580682,6.611292291751476,3.3813090905131338,7.1148424304526765,2.5453244883215946,3.289105714317448,4.6160579825130075,4.990784411531839,5.004009834102847,3.8248124285224994,4.570101848962173,4.432574828937691,9.339635979820084,4.579209481211337,3.4588461048177903,2.5189059355303587
2022-01-27,3.258719727845066,5.029194535599695,5.30707923657938,0.9096335340658315,1.5436770162348745,1.7139823094030684,3.1453447654596034,3.3146562368144306,3.0393941999782177,6.743239302256482,3.488005058075352,7.089574575596131,1.9391585453765194,2.7582996255611234,4.56317988321347,5.161145482692129,5.256111746913423,3.590972111707882,4.6638850335151405,5.0017965375594295,9.361418091185337,4.678911314747401,3.2785216557494463,2.3990367141325937
2022-01-28,2.363400344103479,5.048920564473227,5.8334032632010855,1.3911441854997557,1.602629469667684,1.6360041390721318,3.3037754931013152,3.6770139571221714,3.1938139139479556,6.851894970820417,3.6069025953526124,7.086923599742232,2.0448637144169997,2.694416035974026,4.957148146807546,5.173138444373504,5.2201796047807845,3.1637137083004028,4.386296608053624,4.746051005586911,8.780945499346522,4.255865467503707,3.4291581920611462,2.67556526542237
2022-01-29,3.0731961960535044,4.9745248498379215,5.522529621166517,1.1580940710182253,1.3598796804872382,1.3531632799434516,2.951033730960599,3.4342517502526384,3.17444799607777,7.324161611603136,3.644580944307019,7.25595264574697,1.847391595033731,2.1773532491408405,5.488911207615823,5.234467786145,4.954335873346069,2.6973978271497794,4.576921375144575,4.9484293498351635,8.686038656466554,4.222768677018868,3.851171527028977,2.9694296988536184
2022-01-30,2.696219899986411,5.171482968358003,5.671930951722503,1.3481653553040742,1.5049831140161554,1.5478273098495474,2.8902217037724123,3.125563725685439,3.378985169731727,7.481487392780328,3.2086202145284908,6.845830386681394,2.086812954052358,2.4485259655714304,4.394509819185833,4.557307519632466,4.952784511026961,2.7863907999974318,4.118059499866241,5.297074545029794,8.490986029167685,3.2831338408673334,2.8091958984886536,2.725575532190545
2022-01-31,1.9162338194263895,5.210779952951511,5.372215372532005,1.0549334732671747,1.1636130655101105,1.2199676286316732,2.6023083465141843,3.2550400921572336,3.391154588448006,6.705159107412342,3.2895751009725696,6.820542404913962,1.9622841642648927,2.5228014755925123,4.744403377655144,4.817002571032389,5.21288608709616,2.7484083990113324,4.081149672805756,4.758663222473509,7.662903162112905,3.6193669551727656,3.497025608805024,2.605922246258209
2022-02-01,2.443824857786982,5.153811467874079,5.871064227684526,1.4691670857258168,1.5959820710971535,1.5526853864577892,2.8409117772625327,3.429302803784421,3.1855245431734858,6.879854351654753,3.5588765162455736,6.7823757487997,1.9649486152639126,2.6009869958375003,4.754610471425064,4.77932338724732,5.215331612345482,2.6736151945955893,4.107757937833502,4.739469917561497,6.6982315578880804,3.325796888755481,3.3705316057465673,2.509241117495679
2022-02-02,2.367308058798765,5.079147396341217,5.781100534576477,1.4104523606274826,1.494841894350294,1.44732138352648,2.8967256523336493,3.3109418462287348,2.9005572854682655,6.798249367882387,3.570272472206708,6.814443020804333,2.0196584292654776,2.7332740354452727,4.832595733282437,4.806860415725385,5.342714851774186,2.6521825036651556,4.247338661121567,4.977078186528182,6.3788787577609325,3.257107318895862,3.302182463443243,2.1122083888388286
2022-02-03,1.9890686352914289,4.698949904527265,5.38427339749267,1.7725645200313522,1.2940515962508186,2.112365665200593,3.2311587185483863,2.977583241757538,3.0139704527157143,4.817323801189617,3.305382376311008,6.275406108903216,1.8248424646731156,2.4959288364140995,5.02900184208187,4.864245700412202,6.0879094332050805,2.005211980799863,3.702197765116041,4.2989090848514415,5.022073979336299,3.112222266970176,2.889158269249281,2.4676990296099737
2022-02-04,2.376171795910444,5.143011756479268,5.798112152479225,1.9305589092243363,1.6866366523511043,0.982550706319586,4.8757717172353345,2.8309349837126945,2.89851079241817,2.7971313244874674,3.1659808191707848,6.464162449243505,1.6435847025961308,2.6540865665580133,5.924086566558014,4.2740865665580134,5.744086566558013,2.2240865665580136,4.284086566558013,4.344086566558014,6.674086566558014,3.454086566558014,3.0540865665580137,2.5640865665580135
2022-02-05,2.4440865665580134,5.164086566558013,5.864086566558013,1.4940865665580136,1.5140865665580137,1.4640865665580136,4.004086566558014,3.794086566558014,3.1140865665580133,2.9740865665580136,3.2240865665580136,6.63357531547715,1.3381821769863949,2.103943047214385,6.034501468964459,3.440690292881229,5.462921108542985,2.672281430060831,5.114913468043333,4.843073945479485,6.505486042840401,3.4361411543231095,2.635877524918566,3.0268897385406106
2022-02-06,2.385501482863735,5.145958777180387,5.6114875797179735,1.0332721210689326,2.267596469568221,1.1426870300706062,3.4274030121521863,3.7080497179968948,3.664961505465333,3.10776486336427,2.6024301164039354,6.363774843611672,1.6518078161355754,2.4850933494413274,5.3849671465737705,3.6422948819032306,5.03512284431762,2.8759583005174174,6.044086566558013,4.754086566558014,6.196343519642635,3.111196637896631,3.685194886883753,2.1429362133832157
2022-02-07,2.0415989297402843,4.9015621177107,5.721063163077862,1.2692745111636459,1.2543726828216442,1.3941231413413433,3.7513730460262917,3.4686183811058853,2.9840865665580134,2.7271367538867572,3.813259510185028,6.194569710359121,1.4697950808586877,2.1821590786763316,6.168929952038192,4.3300121648220715,4.350614056114758,2.772302816432263,5.450044290155878,4.296285340842668,5.818046813200545,2.8955442672259974,3.1132569403175716,2.5452796876872807
2022-02-08,2.481370299947132,5.216723228669039,5.91517561785204,1.4837047740941958,1.530659438883066,1.5314697051762374,3.7597306480433135,3.265070350421827,3.002342168961183,3.0007306238911373,2.862211713093121,6.4165895180727945,1.7223466913218448,2.6484192610656043,5.333423052310936,4.183685037337055,4.558666816343658,3.11641706868413,5.066891828171273,4.715082662703813,5.863399875676368,2.9191729845095993,3.272776827534043,2.51495670519052
2022-02-09,2.4274402659850547,5.156419923809628,5.845933612237035,1.3930439809630029,1.4216122576597656,1.3482384395576967,3.315093773751588,2.683686968824359,2.711721468636262,2.9945773636528967,2.681990553552526,6.281775190772152,1.6886501065173838,2.621113942302026,5.210722203186273,4.0240884186867225,4.4170599296865,3.149754913226515,4.621804749876252,4.616435132652107,5.524626543445018,2.6941270825893167,3.3770531107759125,2.465768696753414
2022-02-10,2.4168934987899764,5.235520412179649,5.886197919989434,1.463996958456893,1.5603569366125645,1.4276932610687179,3.1132270349208784,2.569898080723549,2.8184577137704494,3.208422644823234,2.78703998862654,6.379917203424565,1.8997313321369442,2.88552088520338,5.316129447861389,3.9295442622969694,4.14631164394158,3.0656184946153475,4.4209723467836755,4.805682134608886,5.1040020747627235,2.66298140761874,3.5100504671734343,2.585572977070329
2022-02-11,2.5365436746657615,5.251547526371811,5.952979073017362,1.434672417369327,1.5133474944661534,1.3895804776995277,2.6782920299822828,2.130313218205788,2.4298877667106815,2.993147576561433,2.3890755712285165,5.866123249328023,1.6146753912458025,2.660453169281789,5.015822606209009,3.7269530604620096,4.457273839940848,3.163284525541993,3.945369809545442,4.10267682159269,5.178710017226305,2.4664828255059903,2.801766558295706,2.1761855310946356
2022-02-12,2.2287753468018376,4.932343292113803,5.458159073836798,0.948621144104235,1.4246138351995867,1.260510788676652,2.380997231832701,1.7651008890282198,2.445118816560423,2.9816233010961932,2.349119965493065,4.822375748799699,1.6449667503546261,2.760869323934226,4.903308016099554,3.624781864378998,4.457858411500284,3.4537513300695237,4.2652797743243545,4.55216738401376,3.8231799409923304,2.518765081054968,3.352590145293805,2.4280593765186453
2022-02-13,2.384604154140721,5.0869651117475465,5.614806995101911,1.7235803185220795,1.3807504757600157,1.2030467341927906,3.174134951997085,1.577567399769285,2.291661459989003,2.4803268845016277,2.022289962429968,4.687164821519923,2.257607699366972,2.8032880586957245,4.985550091439578,3.784202752162296,4.281716423964566,3.3639782332520243,5.245828039437823,4.200324336787739,4.663141340232313,3.0825884423054997,2.7723671601844044,3.088234718317165
2022-02-14,2.316037595563052,5.038789981618329,5.728309679088937,1.2629231705285138,1.3424870133980165,1.0243867996040992,3.108400970896939,2.1848971648425217,2.3276653737964015,3.0006698503228737,1.6946412770293802,4.85509775694595,2.4687028188239903,2.5978379634518523,4.689164701645362,4.397164595956992,4.395781610195121,3.4768006504537032,4.692630336740098,4.865961269541574,7.247929110268598,2.8060947193970684,2.36560135217903,2.0052676996721703
2022-02-15,3.2251051389633183,4.896128772387165,5.217386498201099,0.45052379041598445,1.6520373522002598,1.7317797504171715,2.955263461227877,1.7845622491095179,1.7104554519779305,2.675057604828114,1.566122041390655,4.391686100067312,1.761584963119538,3.012212928372891,4.362753379496706,3.7683514612839413,4.219065188135525,3.698387693413916,5.120416465213315,4.988673593691403,7.000400015042562,2.9805825438796956,2.3204448836717697,2.40044488367177
2022-02-16,2.3704448836717695,5.140953343791017,5.8227870102191535,1.22805418082865,1.401081581382518,1.2406971087335479,2.9640851840694955,2.7984830946360195,1.9833618294691369,3.069316017039637,1.8466070115900999,3.1128352580093717,1.6061866216219554,3.037263712991988,3.80898071645119,3.1216509465256346,3.8940087809877326,3.732599024848993,4.641911337993336,4.933978691910574,6.543694452802851,3.2371481468075456,1.8831384443735035,2.4201796047807846
2022-02-17,2.32435732803053,4.984047503052736,4.720310376168466,1.544199167357538,1.4240475030527353,1.2106369999079174,2.82774718131418,2.6587021211961983,1.908850454925612,2.7587096573995504,1.7084744652874142,1.6355388118421263,1.2328768317524086,3.057294994811801,3.7229796114819793,3.813543637374268,3.8261218726492037,4.0318023982917595,4.223093445246071,5.016868798634496,5.904835527139401,3.965444643520665,1.528255923626064,2.4030781547466873
2022-02-18,1.032633387720862,3.473673050023627,1.8106369999079175,2.2177471813141802,1.418702121196198,1.0930577062507831,3.3787549249921964,1.3573540112521374,1.2097216396504533,1.689857129975666,1.4991579668178387,1.1729361563060374,0.9647739790932668,2.1846534109931275,4.2464765057954885,3.2122720216178138,4.7245144345671015,3.8490602210979468,4.438807443595565,4.533823190999292,4.23299348073971,4.477073514261511,1.2737725174563603,2.0954981961494976
2022-02-19,0.3392551508655337,2.723896319050141,3.130468827461727,2.0208769277489256,1.4013398374436437,0.8347595723482222,2.565600315471708,2.2681118202321895,1.8293336455239384,2.9041921647664846,1.576933450436006,3.56409239070767,1.0601313469350881,1.3124886958918176,3.248377625840543,3.181512199110004,3.135216669921801,3.5234390270317992,3.252628640902421,4.183082495597344,3.4317681857549402,5.4383537876494605,1.210502468782268,1.8806154454342812
2022-02-20,0.8176987390791989,2.9988084651720976,4.365495003095113,1.7050363298013322,1.3832697813595378,0.9304408695325801,2.505818180062207,2.959050889970914,1.6514414599919283,3.0306633280340285,1.589687593619211,3.8183073289732237,1.0922917295238792,1.2376122938404586,4.7251861325284885,3.618877101954883,4.404769306742748,5.295028912093258,3.302649409258866,4.86966543670885,3.0431444747407412,5.038701333865928,1.662992655102288,2.0487013338659277
2022-02-21,1.121875872980396,3.196318321372301,4.493991726081944,1.4959832318537536,1.4873664618846592,1.0442739501491283,2.816969780950302,2.540248929679987,1.3619109684619437,2.8012250988113845,1.7025446541169154,3.2970550302602697,1.252532082204978,1.494384446870452,4.588554421633865,3.1546496071383094,5.257538751087354,5.827060970479045,3.519436568903836,5.147484603300274,2.6849396491995012,4.101154442818992,1.9709807793636378,1.93849712963372
2022-02-22,1.350362574399897,3.1067773238477114,2.939166925539848,1.3580546513750817,1.0903115645062744,0.7944348049576881,2.9587398937662748,2.185817222267498,1.660135253356082,2.5385636869379526,1.6068280053268,3.523598935447704,0.9895894458264723,1.56487268641896,5.338759193379188,4.814604908271858,4.817893519903805,5.135011329960193,3.0874569322698,3.365564901764602,2.3603930802546285,3.266618070540864,2.3995842812986474,2.0972361610945494
2022-02-23,0.7651873426562379,1.7855381064244598,2.627618425624717,0.9172909922480078,2.1611064172066756,0.6760115647547179,3.313561740798551,2.52887380962272,1.766241328176383,3.76608728892044,1.6169614030852835,2.316391539763387,1.4737486965480935,1.7917299211993312,5.486840930260057,7.459230816187441,6.3084189634864805,6.347953148739713,4.680748116195363,4.489151880522578,4.601922690883985,3.3948763407498275,2.0322532439963115,1.460653100274687
2022-02-24,1.2768612173569127,3.453726831407156,3.7107146076074327,1.2409829254322313,1.7374951334910582,1.0947559447235395,4.811073912382631,3.295262370827662,2.1850781156355747,5.6357071728211015,2.026216103665769,4.119339230958562,1.7855868092339882,1.6058893449593221,5.8776098188132275,6.3209448093792675,5.322396026447617,6.473059212342596,5.571585115069648,5.482567433574958,6.827139378724857,4.2323305015082955,1.8867904133732722,1.3250285781232343
2022-02-25,0.993164468089486,4.195891056757319,4.50617531233676,0.9013253570673455,2.5053347667091685,0.8282589616919915,6.068474918200189,4.271604392592918,2.3711784659036206,5.292415522894586,1.8922362736210605,4.607331505878721,1.438392173126506,2.226541070832075,5.3064889237402735,6.379283376545426,5.579844814246215,6.462731859499208,5.990999451641964,6.765674702855254,7.813334828103187,4.789677993705853,2.5768027226537775,1.5033007753048642
2022-02-26,1.0348187274842875,3.975234305876354,4.213134964593786,1.0631953467313007,1.369783041384324,1.176624651068827,6.631684640134961,4.269656984017931,3.073991228796621,5.783657791254599,2.2486526581901347,5.536847200299708,2.008708569808298,1.7418360724293749,5.6516155511410835,6.9794435181848,5.603598125708167,5.917450598258041,5.69241239489754,7.186082414393559,7.5752356978138105,4.100933425843494,2.1341916931476077,2.02973652767352
2022-02-27,2.0216680411419388,4.109934105614636,4.064887601577251,1.142299041179958,1.4821461970928291,1.136877809964913,6.146271852289745,4.749564624027951,2.6224115932020875,5.561495031518637,2.585927426536147,5.8761213308010465,1.6229866140730325,2.396658017334575,4.9397140971899285,6.2555605429095245,5.536121330801046,5.652986614073033,5.6871325100155685,6.813150650992691,7.436525851583277,4.946316992193872,2.6133438652264105,1.6739606340079949
2022-02-28,1.4990052530371607,4.238169233665169,4.462401912143221,1.233286299141638,1.5281801834417448,1.2870158898225552,5.888029033723515,5.017582635937273,2.3337348280574592,6.158486568158564,2.7546062788852783,6.0109877583323446,1.4610995671410545,2.467552440048159,4.553888516040639,5.793854141849073,5.8845784526475144,5.166665566626104,5.097480034206317,5.930542594979449,7.713626216196583,4.839569389636341,2.7598965928279298,1.8349097354391
2022-03-01,1.2950627779554242,5.140554379585196,4.344155504750935,0.5118917488453838,1.2859112825,1.2627951512214652,5.173317193617413,5.173419914163269,2.660974845274186,5.667089856151531,2.7512101060828993,6.205456798106766,1.409323724154901,2.612011646941453,5.171978113070625,5.992714728170891,4.511336534513388,6.200129422693555,5.868831023472056,5.513500835710756,6.6531313352261945,5.389988452660443,2.653169047015929,1.4808862663462101
2022-03-02,1.5259442990384742,4.223079047675832,4.460828043237617,1.6934815629743916,1.7697495654841298,1.4391146548447513,5.325098914764995,5.704404804004813,4.43892336092492,5.302087383742232,2.8961142869028498,6.576833970317075,1.4727651237541801,2.7198217847094384,4.4176320231600545,5.3212770568604935,4.762144991070223,6.614245460038107,5.184125401308595,5.06170163458003,6.892649426943663,5.826167143371181,2.891341186733028,1.6756847871560425
2022-03-03,1.8941915991681317,4.332350518671159,4.576969237889065,1.2928319048968668,1.4846105271613135,1.5588909353316218,4.854728040219547,5.460238709900805,5.012361782626426,5.621460701188223,3.3821180120496153,6.664376450731547,1.5589336958158397,2.9138519150809556,4.266427161220777,5.268250280986413,4.588759894711632,7.52552615805594,5.266014495988769,4.62428417846387,6.706676596974354,6.358046459629473,2.9551695222996153,1.782008920909326
2022-03-04,2.0815878882825434,4.6008546982470495,4.734267498197491,1.0038749365736468,1.262607495544332,1.460069862809923,4.446231287544972,5.185325650802671,5.659200163938089,5.580914333595828,3.5601302696550126,7.13517868379174,1.304647002539016,2.5808935238683155,3.699109990558239,5.058517288530661,5.050568969519231,6.841788686603554,6.0232755158067155,4.266673517690778,6.406165894892276,7.337573325175406,2.4680367209195957,2.025916904581222
2022-03-05,1.905272265574361,4.039450856789976,4.371143085395648,0.9826313610609245,1.2960795972555883,1.5992245405298646,4.037394940931683,5.01530407136576,5.0608558817964635,5.579850666550912,3.805570233417329,6.5391084398396675,2.338499927042794,2.541205407128475,3.228375084000278,4.56392574420855,4.041086644442182,6.638828145235608,4.798127758690002,4.50368888971357,6.494273966218865,7.07618844878739,3.1311071292011374,1.4864915192741763
2022-03-06,2.301252070553515,4.564280675827415,4.82708859337137,1.9544510331592577,1.0197907673974647,1.5256178176723452,3.4308447307185506,4.763104901565134,4.2022638488851465,5.446728614207178,3.904912639278069,6.921511015880213,1.2632983292309876,2.168742260481556,2.9738369532532936,4.501800895137503,4.05361724362079,6.183251262180477,4.650754774026526,5.468621657349879,6.219804814014564,7.212839342907671,2.8782676775242506,1.8113177517838681
2022-03-07,1.6881711497659864,5.988748713882049,4.630794068648735,1.5853831185031224,1.4281789503493283,1.985653176856282,3.26522960570885,4.68522960570885,3.52522960570885,5.37522960570885,3.83522960570885,6.30522960570885,1.57522960570885,2.69522960570885,3.1452296057088502,4.55522960570885,4.16522960570885,5.53522960570885,4.584721935218184,5.700631758084031,5.849789219806735,7.517002861588733,3.6966611043426125,2.1271546894630453
2022-03-08,2.7832738931997993,7.574587141883004,4.915164340808597,2.610756357816382,2.0915624233339085,2.4054972166472037,3.731046774389134,3.84734993937809,2.96694889384288,5.158488816762116,3.4489861504471007,4.409847924110991,2.57312268544701,4.479229135352703,2.6833965335455043,4.902680054805063,4.866767585839517,3.5014714651777963,4.322910796892352,3.8518790321083953,6.248603393229718,5.761840053835336,3.7088083816628665,3.679563276909027
2022-03-09,3.0633284333110855,7.3553675470881075,5.214091581159907,2.045721481967353,2.0722683333861305,1.9705806389522937,5.779302771031271,3.430258480240628,3.0804123546500572,6.404896251994194,2.815546629025035,6.861791182092582,2.4734613204418587,4.608463251003,3.669227383588492,4.300288362716658,3.6281782577641404,5.490288362716657,4.8363300074673665,4.542307064836146,8.670909636238031,4.455073036168117,3.600891529430209,3.881352310932905
2022-03-10,2.1276643152551356,6.637998171681267,5.400609006079345,1.8462190739030055,2.1039008009331917,2.305231621407068,4.582321553640078,4.555702385186993,3.068436217587071,6.606344765311833,2.897590354416236,7.156781160263906,2.1503094539351246,5.031546280510841,4.847809901628386,4.796572953875534,4.838534642228653,5.766196486616985,4.482697638151207,6.407558042210199,8.496697743801223,4.389025185669488,3.592727482959333,3.5921765702134616
2022-03-11,2.3857959080401083,6.367693499528052,5.417424228569088,1.6543240956976866,2.1751080421006055,2.086843189206003,4.163986461720942,4.426752163054996,3.8657074064281165,5.679416780049684,2.785370602429714,7.223767437586922,2.054190062559043,5.101322183740369,4.988847622337229,5.789584408285483,5.932059268480826,6.559572972970833,4.739293780642831,6.380004739325611,7.881325711595799,4.307576375602258,3.628124333177756,2.1633750642401632
2022-03-12,2.101773704025689,6.306381307151726,6.103955441343562,1.2904141923496593,1.4790008864576216,1.7169541479893375,3.6918742583919952,4.479444094828717,3.857997513444367,5.5635341555102045,3.0164272702671173,7.960932318523344,1.8219391589952336,4.583913921741636,4.476598171491218,5.402827814508491,5.560447238639802,5.582064562977046,4.75010032544126,6.319798488174739,7.970306070943102,4.604937962045156,3.854295996334165,2.028035199313446
2022-03-13,2.1985486452402982,6.264907821508744,5.269629126625134,1.5836477401529439,1.873717706242006,2.1248210663626614,4.699179045649811,5.082697283622755,3.7862382249508375,5.379624325711073,2.9116703598469207,6.862568945412547,1.8349909998956417,4.533232161888727,4.893761308579664,5.650410984802244,5.761264320076473,6.362872249824484,5.27813139367552,5.692568363150702,7.586633706119762,4.956454298001196,3.7558156748046163,2.0116108657862335
2022-03-14,2.156954759619303,6.210735722958154,5.210659713159467,0.8606353491899634,2.241441110761778,1.53597833523723,4.680398809403504,4.8313100567994,3.5446050755445304,5.380977090812331,2.937102712835683,6.891948605234004,1.6904669006349677,4.126916185673397,4.570381035800097,5.314586834854943,5.695089115210851,6.02907302313108,5.3507694537893995,5.448359108959792,7.28130903930958,5.238266693233563,3.765345788375576,2.1471556830108973
2022-03-15,2.309525990898331,5.417555566576428,5.534809998218657,1.2867941776439356,1.5066895671736171,1.666395721641155,4.676395721641155,4.2463957216411545,3.666395721641155,5.566395721641155,3.1548234380581106,6.653689929548732,2.2244869820113653,3.6819755322215264,4.467852345507754,5.127956902667981,5.65857603088637,6.116346731594898,5.305653488608813,5.50784634712657,6.96016574886693,5.884148579857925,3.5764078204270824,2.128915902293251
2022-03-16,2.4650710926778663,4.964495945267559,5.175304682230118,1.955858588706234,1.2881736432763287,1.0725789481203547,5.011626011038663,3.690808314460637,3.936347005168127,5.334960045470545,2.9450681728785764,6.304179261285113,1.2298285966611715,3.0913805577777658,3.927251026581989,4.757698679997763,6.211938016497263,6.456653690529476,5.095999826823989,5.00908050168342,6.992895908931721,5.86743132788391,3.295594099125695,1.6674595634289957
2022-03-17,1.9563112871148167,4.613145546881582,5.338981476647725,0.9932913527523641,1.3589420287984006,1.495165495755498,4.337103653902977,3.3929856617044742,4.136512458732819,5.5632216852637315,3.5942280031034746,6.182410892828513,1.225488609134032,3.7400827684617552,3.8852683967900536,4.671496059670477,5.717155610547231,6.3061227678127345,4.790116939181523,5.351487542879601,5.824177564681829,4.25806192270132,2.8773321558158367,2.7287196047531683
2022-03-18,2.301578108839356,4.481296198523312,4.970377437716877,1.0047919263344456,0.9361641141420032,1.0310852396083228,3.5460678971788893,2.473823333372614,3.1127982234822626,5.24389391702919,3.316033269205426,6.144767303239251,1.5138530986942946,2.8349226585854446,3.9418165380588026,5.21492246571025,5.668170441666462,6.646140595491837,4.902500347318972,5.808223043139816,6.389514181199971,4.176856050358926,2.9333492484023145,1.9156245901677726
2022-03-19,2.1515184987734752,4.288017135537243,5.215352669151736,1.0715116718188025,0.745618866516111,1.0797996458034973,4.625961675399942,2.3545485850480636,2.9307917425389154,5.3298078968095295,3.5071329098100263,4.991809286474246,1.5843036525654979,2.6026976597948672,3.7493356997210814,5.325250107705131,5.337050688516156,5.772771640744723,3.9961201656396,5.124933704511956,5.126725233003556,3.707535150833673,2.543687176638568,1.9641909009650182
2022-03-20,3.1681959114674147,8.275472432854643,5.246421981198538,2.761820299137699,1.4877103996115868,1.8209959373861093,4.704090661033101,2.86919014999443,2.391146679265797,4.837405070370627,3.8023098402834274,4.4143121902968625,3.038751407736349,2.6475475872288627,5.376300865139352,4.806383647818503,4.956394583933068,6.05586821741388,3.9564243123524507,5.547594769135413,5.568979441030325,3.894021934165778,2.5597013939885898,3.4132523270428394
2022-03-21,3.316590644608955,7.4096665705234885,5.980209496577903,3.2931197789261826,2.4743683043670077,2.104323098064612,6.271882048632943,5.004868863220281,3.5161808633591694,6.292893311419132,3.3362794624255407,6.490723424723215,2.7755130578059255,3.5798841933350376,4.836936257359432,5.515907810444745,4.962977670417887,6.742412645869729,4.5412980562060214,7.008019051190588,8.804534327870972,4.608041649138626,3.2318254908432626,3.578809722078635
2022-03-22,3.0033504292059465,6.8193515509025735,5.405620702165965,2.3585119495355316,2.2811680023668024,2.6524983355156913,6.768081379308436,5.856435802572331,3.9870750080307533,5.928224294300577,4.24523383483131,8.144156536030616,2.7437906234147293,5.178227104351845,5.158704531836555,5.436208039915516,4.785377341917782,5.907420454529863,4.487045986114267,7.147862950396588,9.31311352618927,4.783209544021506,3.6164940279792317,3.048738986599797
2022-03-23,2.800355607434137,5.147319762578627,5.525222849557291,1.9461420507636447,1.6812032254345888,2.385255391986804,5.685381404023268,5.178902715214389,3.9905902235416004,5.703519995951828,4.196089292423937,7.714718285483936,2.357565400542785,5.306858398814088,5.81812354629347,5.854129217740193,5.5602177622048155,5.084475082166031,4.445378032268585,7.269334948080028,9.14304056266531,5.603723396382048,4.429734927092324,3.004512776780877
2022-03-24,2.6262148643801053,6.3911106172806385,5.828180152285222,2.5612888990548166,2.400445052923129,2.612569101511804,6.17612078869719,5.941214576856459,3.4581385503871442,3.759868604043451,3.472093965726189,4.257951788532613,2.438879939395585,4.9303446505069335,5.7896824298129905,5.779332022405626,5.82576502678036,5.157776383655441,4.6494754609233695,6.898379284775923,7.65375040279209,5.402219293157625,3.7846706684772586,3.424707956658415
2022-03-25,2.790080055837428,5.033664022349342,5.845291069180444,2.056921102784425,2.9434467671544224,2.112263937756605,6.337807172148794,5.6869838059876665,3.174073936585947,5.256294553218725,3.9524926499722697,4.578053916346381,2.8803530014299894,4.384881749782463,4.456493270144932,6.116492042990064,6.404818661979476,5.278614795599445,5.254697939267291,6.051393895082261,5.321418030852468,5.250977158231905,3.2038606689902367,3.0013308724644627
2022-03-26,2.5634397371739346,5.987612625225257,5.721736831471461,1.8713808158366594,2.8050635174656806,2.090497597958551,6.096651155775915,5.584308659313591,3.2304988476505345,6.441667546092489,3.67422770795051,7.397374211584071,2.5917760847226035,3.9502084548279783,4.721143541628038,5.881171296103819,5.671030963365629,5.031097850171116,5.334866091794299,6.359403438722403,7.740166372627692,5.032424887156828,3.362856284936107,3.220126587934711
2022-03-27,2.153686603506039,6.023872603950956,5.402906238970322,1.7077632472687363,2.5113773619136737,2.0109398567068717,5.456976760110783,5.518466056649421,3.0510660361438573,6.113064627504554,3.270519415918721,8.744520922443733,2.5087972199868593,3.96978640464745,5.267028449629266,5.437469561986168,5.4746303230382445,4.81890614053486,5.510810168759807,6.141084232460897,10.113629576843264,5.076836691432961,3.653429486877477,2.9248874387094244
2022-03-28,1.7299079777046327,5.47146699836161,5.192950402054014,1.5522036207403545,2.302375027867696,2.5657423752665336,5.28166487254092,5.568945411215101,3.20174771133838,6.181719405565503,3.2837971567491406,8.3092474976669,2.0717819076591804,3.6821091871454468,4.82562131283855,5.504292716706631,4.681263970400338,4.950686061906443,5.45278639929087,6.056898604178089,9.36125480884429,4.572061346172466,4.005165353254326,2.7688898930702996
2022-03-29,1.841476520447586,4.939349505516612,4.8761834238431,1.3462616208911642,1.9748228925707143,1.981540415947498,5.219444785817278,4.451988690761799,3.0928752510903936,5.877985240426913,3.227374210370991,8.201107353359214,1.95324195805933,4.172078096028879,4.6317793038254935,5.63236883150479,4.6147672151973245,4.2769493717189295,5.079943391731362,6.14289559149734,9.281790890323158,4.851647071675929,3.821779303825494,2.571779303825494
2022-03-30,1.6617793038254938,4.560977158231904,4.604361588181662,1.3347124923629532,1.8582686507693724,1.9561614353545673,5.026144802588579,3.846395721641155,2.936395721641155,5.166395721641155,3.146395721641155,7.896395721641155,1.866395721641155,4.506395721641155,4.356395721641155,5.316395721641155,4.536395721641155,4.066395721641155,4.866395721641155,6.316395721641155,8.686395721641155,5.206395721641155,3.726395721641155,2.406395721641155
2022-03-31,1.636395721641155,4.506395721641155,4.476395721641155,1.2763957216411548,1.686059104962457,1.6583734001655484,4.747677116968646,3.4964252652309176,2.783226048651504,5.035901487350702,2.755225700277944,8.055210238227403,1.650990535248404,4.433397916927479,4.0822923988631326,5.050077582629815,4.521731906124575,3.9140775138565287,4.689302248848087,6.122628681124334,8.037121231759047,5.61211566557314,3.9295309799616276,2.9857704319180582
2022-04-01,1.3580130757939923,3.9215958364750745,3.9491552862434904,1.0044222361168047,1.3639725111259289,1.5095833841564303,4.615110516776995,3.0282738962324984,2.8285610343268717,5.076905803793484,3.0464139799516152,8.030231638931308,1.4071841183885427,3.5837013645437596,3.5068059210079534,4.812844418544117,4.271237278360761,3.4894585363879567,4.308374135207035,5.763243067931999,7.286417985299546,5.522519693220684,3.4266929677865123,2.1130503694979317
