,4175748,4176063,4176617,4177080,4177266,4178000,4181049,4182000,4183000,4183038,4183500,4183979,4184500,4185318,4185935,4186500,4188100,4188496,4190000,4191058,4191444,4191500,4192500,41843678
0,4.136982326524308,4.136982326524308,4.136982326524308,2.45,2.62,3.79,4.89,5.52,5.95,7.1,6.12,15.8,3.22,6.68,3.61,5.26,5.83,2.62,5.03,8.61,19.4,8.03,6.57,4.136982326524308
1,4.132494589358098,4.132494589358098,4.132494589358098,2.08,2.1,3.41,4.34,4.82,5.4,7.1,5.59,14.7,2.78,5.78,3.37,4.79,5.37,2.2,4.71,7.99,18.8,7.6,6.29,4.132494589358098
2,4.128006852191887,4.128006852191887,4.128006852191887,1.85,1.73,3.08,3.95,4.2,4.99,7.1,5.08,13.6,2.44,4.72,3.29,4.32,5.01,2.0,4.43,7.37,18.8,7.17,5.94,4.128006852191887
3,4.123519115025677,4.123519115025677,4.123519115025677,1.62,1.38,2.8,3.59,3.72,4.65,7.1,4.65,12.5,2.1,4.07,3.23,3.92,4.65,1.81,4.14,7.0,18.7,6.74,5.59,4.123519115025677
4,4.119031377859466,4.119031377859466,4.119031377859466,1.47,1.18,2.54,3.32,3.39,4.3,7.1,4.29,11.4,1.87,3.62,3.16,3.69,4.29,1.72,3.87,6.82,18.7,6.31,5.24,4.119031377859466
5,4.114543640693255,4.114543640693255,4.114543640693255,1.38,1.11,2.29,3.08,3.24,3.99,7.1,3.94,10.4,1.69,3.28,3.08,3.5,3.98,1.68,3.63,6.7,18.3,5.9,4.92,4.114543640693255
6,4.110055903527045,4.110055903527045,4.110055903527045,1.29,1.04,2.11,2.97,3.2,3.78,7.1,3.78,9.47,1.51,3.11,2.97,3.38,3.85,1.64,3.44,6.78,16.9,5.53,4.79,4.110055903527045
7,4.105568166360834,4.105568166360834,4.105568166360834,1.2,1.02,1.93,2.89,3.2,3.58,7.1,3.7,8.78,1.34,2.96,2.85,3.27,3.72,1.6,3.29,6.88,15.7,5.17,4.69,4.105568166360834
8,4.101080429194624,4.101080429194624,4.101080429194624,1.23,1.03,1.76,2.97,3.33,3.4,7.1,3.81,8.72,1.19,2.82,2.73,3.15,3.6,1.57,3.17,6.98,14.9,4.81,4.58,4.101080429194624
9,4.0965926920284135,4.0965926920284135,4.0965926920284135,1.4,1.04,1.6,3.37,3.58,3.28,7.1,3.87,8.72,1.11,2.76,2.61,3.04,3.49,1.55,3.09,7.21,14.0,4.69,4.47,4.0965926920284135
10,4.092104954862203,4.092104954862203,4.092104954862203,2.22,1.23,1.72,4.83,4.1,3.18,6.9,4.02,9.09,2.91,2.8,2.49,2.93,3.41,2.06,3.39,8.6,12.5,4.8,4.37,4.092104954862203
11,4.087617217695993,4.087617217695993,4.087617217695993,2.57,1.62,1.9,7.5,5.08,3.08,6.5,3.51,17.4,2.93,3.27,2.37,2.82,3.34,3.05,3.67,10.1,14.9,4.7,4.26,4.087617217695993
12,4.083129480529782,4.083129480529782,4.083129480529782,1.81,1.28,1.61,7.38,6.24,3.03,7.1,3.08,17.6,2.79,4.09,2.27,2.71,3.28,2.87,3.24,9.8,22.6,4.12,4.17,4.083129480529782
13,4.078641743363571,4.078641743363571,4.078641743363571,1.52,1.06,1.28,6.37,7.49,2.99,7.1,3.36,16.5,2.4,4.07,2.22,2.59,3.26,2.64,3.31,9.04,22.1,4.04,4.14,4.078641743363571
14,4.074154006197361,4.074154006197361,4.074154006197361,1.36,0.909,1.06,5.38,7.15,3.02,7.1,3.79,15.3,2.02,3.74,2.18,2.48,3.25,2.45,3.77,8.29,21.2,4.46,4.11,4.074154006197361
15,4.06966626903115,4.06966626903115,4.06966626903115,1.29,0.813,0.921,4.49,6.06,3.3,7.1,3.91,14.2,1.7,3.42,2.14,2.37,3.23,2.26,3.88,7.62,20.3,4.93,4.09,4.06966626903115
16,4.06517853186494,4.06517853186494,4.06517853186494,1.22,0.726,0.804,3.8,5.11,3.41,7.1,3.69,13.0,1.45,3.22,2.1,2.26,3.22,2.11,3.75,7.37,19.9,5.35,4.07,4.06517853186494
17,4.060690794698729,4.060690794698729,4.060690794698729,1.16,0.68,0.696,3.15,4.17,3.35,7.1,3.46,11.9,1.26,3.08,2.06,2.14,3.2,1.97,3.63,7.19,19.7,5.72,4.05,4.060690794698729
18,4.056203057532518,4.056203057532518,4.056203057532518,1.12,0.646,0.611,2.82,3.36,3.29,7.1,3.14,10.7,1.12,2.95,2.02,2.05,3.12,1.83,3.52,6.95,19.3,6.12,3.96,4.056203057532518
19,1.87,5.23,8.0,1.08,0.678,0.545,2.62,2.78,3.23,7.1,3.0,9.58,1.03,2.78,2.0,2.0,3.08,1.73,3.41,6.72,17.9,6.52,3.74,3.93
20,1.86,5.19,8.0,1.14,0.819,0.546,2.69,2.77,3.22,7.1,3.12,8.57,1.08,2.66,1.98,2.23,3.19,1.65,3.32,6.55,17.4,6.85,3.61,3.78
21,1.84,5.25,8.0,1.29,0.975,0.652,3.18,3.08,3.28,7.1,3.33,9.24,1.42,2.87,1.97,2.47,3.29,1.58,3.63,6.37,17.2,7.19,3.48,3.64
22,1.83,5.33,8.0,1.19,0.966,0.804,3.92,3.57,3.32,7.1,3.47,12.2,1.39,3.13,1.96,2.63,3.29,1.53,3.83,6.2,17.0,7.39,3.35,3.49
23,1.82,5.42,8.0,1.08,0.847,0.822,4.63,4.24,3.41,7.1,3.36,12.2,1.16,3.27,1.95,2.56,3.26,1.49,3.64,6.06,16.8,6.65,3.22,3.35
24,1.8,5.5,8.0,0.989,0.771,0.754,4.45,4.95,3.53,7.1,3.22,11.6,0.97,3.2,1.93,2.49,3.23,1.46,3.47,5.94,16.7,5.72,3.09,3.2
25,1.79,5.54,8.0,0.922,0.708,0.685,4.12,5.31,3.64,7.1,3.05,11.1,0.844,3.12,1.92,2.41,3.2,1.42,3.32,5.81,16.5,4.78,2.96,3.06
26,1.77,5.55,8.0,0.89,0.672,0.618,3.81,4.13,3.77,7.1,2.92,10.6,0.748,3.04,1.91,2.33,3.18,1.39,3.2,5.69,16.1,3.94,2.84,2.91
27,1.76,5.55,8.24,0.859,0.651,0.555,3.66,3.36,3.86,7.1,3.06,10.2,0.677,2.93,1.92,2.33,3.21,1.37,3.3,5.72,13.4,3.79,2.77,2.77
28,1.74,5.55,13.6,0.986,0.785,0.52,7.95,4.2,3.39,6.6,3.05,9.87,0.696,2.83,5.03,5.61,5.63,4.33,5.58,7.3,9.98,4.22,2.7,2.63
29,1.73,5.56,14.6,1.13,0.904,0.52,9.9,7.85,5.74,6.9,3.89,9.5,1.18,2.96,5.33,10.5,7.14,8.35,8.36,8.84,15.9,7.67,3.33,2.48
30,1.72,5.56,12.3,1.03,0.774,0.52,9.7,8.52,7.83,7.1,6.27,9.14,1.44,3.13,5.96,10.2,7.91,7.97,7.09,9.88,17.7,9.33,4.42,2.34
31,1.7,5.56,9.81,0.946,0.694,0.52,10.8,8.73,7.04,7.1,7.43,8.77,0.939,3.1,8.81,8.25,7.75,6.7,8.55,9.83,16.5,8.94,5.92,2.19
32,1.69,5.57,9.07,1.17,0.649,0.52,9.62,8.89,6.23,7.1,7.0,8.4,0.659,2.93,9.28,6.79,7.63,5.38,8.04,8.67,16.0,8.57,7.33,2.05
33,1.67,5.57,11.0,1.86,0.642,0.52,8.42,7.21,6.28,6.0,6.46,8.05,1.09,2.75,6.49,7.1,7.5,4.81,7.15,8.06,15.4,8.4,7.02,1.9
34,1.66,5.58,9.87,1.5,0.64,0.52,7.43,5.95,5.94,4.9,6.05,7.83,1.09,2.53,6.46,6.89,7.27,5.59,6.31,7.2,14.1,7.71,6.51,1.76
35,1.64,5.58,8.35,1.28,0.637,0.52,6.51,4.91,5.54,4.9,5.72,7.63,0.89,2.29,4.83,5.56,7.03,4.91,5.53,5.63,12.7,6.74,6.04,1.62
36,1.63,5.58,8.77,1.08,0.635,0.52,5.64,4.24,5.28,4.9,5.65,7.65,0.726,2.06,4.24,4.28,6.79,4.06,4.82,4.9,11.2,5.96,5.56,1.47
37,1.61,5.59,8.58,0.97,0.639,0.52,4.97,3.8,5.16,4.9,5.83,7.81,0.643,1.86,4.64,3.51,6.54,3.92,4.22,4.34,9.77,5.74,5.08,1.33
38,1.75,7.31,9.1,2.94,0.801,3.69,4.7,4.02,3.47,5.8,5.84,6.01,1.83,2.07,5.98,5.12,5.7,3.89,4.44,4.77,5.51,5.58,4.35,2.37
39,3.7,14.9,12.6,5.48,2.52,5.81,4.85,4.67,3.29,8.7,3.81,11.6,5.44,5.79,6.92,6.78,4.82,5.01,6.26,5.11,7.9,4.96,5.38,6.38
40,1.81,10.3,11.2,3.35,2.37,5.15,5.25,5.38,5.05,9.0,4.53,17.0,4.52,10.4,7.29,7.26,5.66,5.78,5.63,5.89,11.0,5.28,4.81,2.38
41,1.41,5.95,9.48,2.44,1.89,4.46,5.85,6.12,5.93,5.1,5.32,16.8,3.79,10.0,7.08,7.53,7.2,5.19,5.55,7.45,14.4,5.74,5.35,2.03
42,1.37,5.78,8.06,2.06,1.56,3.79,6.53,6.86,6.51,4.9,5.91,16.0,3.05,8.86,6.7,7.14,7.42,4.61,6.64,7.37,15.3,6.23,6.25,1.91
43,1.33,5.81,7.77,1.77,1.27,3.19,7.33,7.55,6.35,4.9,6.37,15.1,2.53,7.48,6.32,6.74,7.01,4.04,6.68,7.18,14.8,6.65,6.12,1.86
44,1.3,5.83,7.57,1.55,1.07,2.72,7.03,7.3,6.17,4.9,6.66,14.3,2.06,6.16,5.94,6.29,6.61,3.53,6.34,6.94,14.3,6.61,6.3,1.81
45,1.26,5.86,7.37,1.44,0.882,2.25,6.2,6.52,5.98,4.9,6.71,13.5,1.76,5.21,5.56,5.83,6.2,3.19,5.87,6.66,13.8,6.47,6.54,1.76
46,1.22,5.88,7.17,1.33,0.729,1.78,5.71,5.82,5.74,4.9,6.26,12.7,1.51,4.62,5.18,5.37,5.79,2.87,5.42,6.23,13.3,6.34,6.73,1.71
47,1.18,5.91,6.97,1.22,0.643,1.33,5.29,5.19,5.49,4.9,5.78,11.8,1.26,4.12,4.79,4.92,5.39,2.54,5.01,5.78,12.7,6.3,6.32,1.66
48,1.15,5.93,6.77,1.14,0.573,1.08,4.79,4.74,5.24,4.9,5.25,10.7,1.06,3.59,4.41,4.53,5.05,2.21,4.58,5.4,11.5,5.9,5.81,1.61
49,1.11,5.95,6.57,1.07,0.604,0.907,4.08,4.34,4.95,4.9,4.72,9.57,0.988,3.06,4.03,4.14,4.72,1.9,4.17,5.03,10.2,5.28,5.31,1.57
50,1.07,5.94,6.37,0.99,0.657,0.847,3.41,4.05,4.49,4.9,4.18,8.41,0.93,2.57,3.64,3.76,4.38,1.74,3.8,4.66,8.91,4.82,4.82,1.52
51,1.03,5.93,6.17,0.911,0.71,0.804,2.81,3.79,4.0,4.9,3.68,7.26,0.908,2.28,3.26,3.37,4.05,1.62,3.47,4.29,7.62,4.42,4.32,1.47
52,0.995,5.91,5.97,0.833,0.763,0.761,2.4,3.56,3.5,4.9,3.17,6.1,0.891,2.03,2.87,2.98,3.71,1.5,3.17,3.91,6.32,4.05,3.83,1.42
53,0.957,5.9,5.77,0.755,0.817,0.721,2.13,3.41,3.01,4.9,2.59,4.95,0.874,1.79,2.57,2.64,3.42,1.38,2.94,3.54,5.33,4.3,3.36,1.37
54,0.919,5.88,5.57,0.677,0.87,0.708,2.06,3.27,2.53,4.9,2.15,3.84,0.857,1.75,2.6,2.53,3.38,1.25,2.96,3.19,7.61,4.6,3.39,1.32
55,0.881,5.86,5.37,0.612,0.9,0.701,2.05,3.16,2.9,5.1,2.55,4.88,0.915,1.74,2.66,2.44,3.59,1.13,3.17,3.31,7.93,4.22,3.67,1.27
56,0.847,5.85,5.31,0.592,0.851,0.693,2.05,3.23,3.69,4.9,3.34,7.13,0.9,1.73,2.72,2.35,4.19,1.02,3.95,4.27,7.92,3.94,3.96,1.23
57,0.84,5.83,5.9,0.722,0.795,0.742,2.24,3.88,3.56,9.9,3.94,9.02,0.95,2.56,2.75,2.26,5.18,1.0,6.28,8.49,7.8,4.79,4.38,1.21
58,0.84,5.82,5.89,0.945,0.739,0.962,3.21,5.27,4.14,13.0,4.57,8.33,1.62,5.51,2.73,2.18,6.64,1.0,7.42,10.2,11.0,10.4,4.99,1.2
59,0.84,5.8,5.38,0.905,0.683,1.12,3.35,4.52,4.07,10.1,5.31,16.4,1.69,5.92,2.71,2.09,6.31,1.0,6.15,9.91,22.4,11.0,5.59,1.19
60,0.84,5.78,5.53,0.862,0.627,1.1,2.94,3.8,3.58,9.6,5.51,17.6,1.44,5.12,2.69,2.0,5.68,1.0,5.19,9.62,23.7,10.6,6.19,1.19
61,0.84,5.77,5.76,0.82,0.577,1.07,2.53,3.35,3.19,9.6,5.46,16.5,1.2,4.38,2.67,1.91,5.12,1.0,4.45,9.34,22.1,10.1,6.81,1.18
62,0.84,5.84,7.31,0.839,0.59,1.09,2.35,3.22,3.57,9.6,5.41,15.4,1.04,4.49,3.09,2.07,5.14,1.59,4.31,9.14,14.3,9.74,7.58,1.17
63,0.84,16.6,13.8,1.02,0.825,1.48,3.78,3.91,4.93,9.8,5.51,14.3,1.16,5.84,5.23,7.19,11.8,3.35,9.25,10.5,16.9,9.68,8.37,1.16
64,0.84,15.9,9.63,0.963,0.823,1.9,6.56,4.89,4.96,9.6,5.82,13.2,1.4,6.27,6.66,9.83,11.7,3.89,10.7,10.9,22.9,10.2,9.18,1.15
65,0.84,9.3,7.78,0.871,0.742,1.93,7.01,4.52,6.56,9.6,6.29,12.1,1.64,7.15,5.14,10.6,9.62,3.73,10.3,10.7,21.2,10.8,9.41,1.14
66,0.84,5.22,6.25,0.779,0.683,1.84,6.37,3.99,7.8,9.6,6.93,11.0,1.89,5.95,4.2,10.3,8.01,3.6,11.9,10.5,19.6,11.5,9.21,1.13
67,0.84,5.15,6.0,0.688,0.651,1.75,5.73,3.46,9.02,9.6,7.62,9.68,1.92,4.5,3.78,9.85,6.94,3.48,13.7,10.3,17.9,12.2,9.01,1.13
68,0.84,5.09,6.0,0.659,0.779,1.66,7.12,4.08,8.92,10.1,9.18,14.5,1.44,5.83,8.56,9.45,11.8,3.36,12.9,10.8,16.1,12.7,8.84,1.12
69,0.84,5.04,6.0,1.06,0.81,2.04,7.3,8.61,7.0,9.6,8.53,15.2,1.47,6.48,8.38,9.12,11.8,3.24,10.2,9.85,8.23,11.6,9.01,1.11
70,0.84,4.98,6.0,2.26,0.738,3.23,6.14,8.21,6.61,9.6,7.71,14.2,2.06,7.73,9.84,8.81,9.75,3.12,8.29,7.66,8.78,10.5,9.27,1.1
71,0.84,4.93,6.0,2.46,0.689,3.5,6.73,6.75,6.32,9.6,7.24,13.1,1.69,8.55,8.97,8.5,8.27,3.05,8.94,7.46,6.81,10.7,9.16,1.09
72,0.84,4.87,6.0,2.39,0.644,3.18,6.48,5.7,6.34,9.6,6.74,12.1,1.55,9.17,8.09,8.18,7.06,3.02,10.3,7.57,5.66,10.7,8.82,1.08
73,0.84,4.82,6.0,2.31,0.616,2.86,6.05,4.88,5.95,9.6,5.78,11.1,1.93,9.78,7.23,7.87,5.98,2.99,10.5,7.76,5.21,10.4,8.48,1.07
74,0.84,4.76,6.0,2.12,0.594,2.54,5.62,4.25,5.68,9.6,5.0,10.2,2.22,10.1,6.48,7.56,5.27,2.96,9.06,7.94,4.76,10.1,8.14,1.07
75,0.84,4.71,6.0,1.53,0.588,2.23,5.16,3.76,5.42,9.6,4.68,9.89,1.69,10.2,5.75,7.25,4.68,2.93,7.61,8.13,4.37,9.65,7.84,1.06
76,0.84,4.65,6.0,1.06,0.584,1.93,4.71,3.36,5.23,9.6,4.46,9.88,1.3,10.1,5.01,7.02,4.4,2.9,6.42,8.34,4.26,9.2,7.54,1.05
77,0.84,4.59,6.0,0.804,0.581,1.62,4.25,3.09,5.14,9.6,4.55,9.83,1.11,10.0,4.26,7.03,4.19,2.89,5.43,8.56,4.21,8.75,7.24,1.04
78,0.84,4.54,6.0,0.692,0.62,1.42,4.24,3.32,5.09,10.0,4.29,9.71,1.06,9.89,3.72,7.06,4.46,2.88,5.04,8.78,4.38,8.3,6.95,1.03
79,0.84,4.48,6.0,1.12,0.782,1.51,5.53,3.89,5.27,9.8,3.94,9.6,1.17,9.59,4.21,7.1,6.23,2.87,5.48,8.63,4.63,7.86,6.65,1.02
80,1.06,4.3,6.04,3.37,1.15,2.76,5.16,3.92,4.91,9.6,4.33,9.34,1.52,9.24,4.25,7.14,6.45,2.86,5.62,6.51,4.89,7.87,6.35,1.18
81,14.6,17.7,15.6,18.6,6.1,4.91,5.43,4.42,4.62,10.3,4.12,9.49,9.2,7.85,3.78,6.61,5.72,2.85,4.77,4.1,7.41,7.91,6.06,18.4
82,6.96,23.2,18.5,14.4,9.49,6.56,5.02,5.54,5.02,9.7,3.68,15.6,12.7,7.98,3.48,3.9,5.0,2.84,4.14,2.08,17.2,7.05,5.79,15.6
83,2.66,16.2,15.0,5.88,8.75,5.78,4.46,6.77,5.83,9.6,5.0,13.3,7.92,9.35,3.5,2.42,4.4,2.83,3.8,2.15,17.8,6.28,5.77,7.75
84,1.79,8.31,12.7,3.66,6.3,4.68,3.99,7.97,7.32,9.6,5.95,10.7,5.94,8.56,3.59,2.01,3.85,2.82,3.6,2.54,16.6,5.85,5.8,4.38
85,2.71,8.05,10.4,3.53,4.24,3.77,3.69,8.46,5.85,13.0,6.85,8.66,2.79,8.51,3.68,1.72,3.47,2.81,3.46,2.93,14.9,5.46,5.84,3.5
86,12.7,18.8,9.6,10.0,9.69,5.36,3.4,7.42,6.67,16.4,7.31,21.1,9.31,10.2,3.84,1.51,3.15,2.8,3.38,3.33,21.4,5.5,6.22,13.6
87,11.9,22.1,8.92,9.34,8.02,7.74,3.22,5.62,8.57,11.7,7.68,19.6,9.68,10.4,4.01,1.42,2.98,3.89,3.35,3.72,27.6,5.77,6.73,10.9
88,5.14,12.9,8.96,7.75,6.29,9.15,3.11,4.48,9.84,9.6,8.96,17.2,7.69,11.6,4.05,1.44,3.01,16.0,3.38,4.17,22.2,6.07,7.23,8.92
89,0.808,5.6,9.01,6.35,5.18,7.82,3.09,3.67,9.31,9.6,9.04,14.0,6.41,11.6,3.54,1.77,4.45,15.0,4.27,4.87,12.7,6.99,7.77,7.28
90,0.8,5.24,9.22,5.36,4.38,6.73,4.08,3.3,8.12,10.8,8.6,8.6,5.42,10.4,3.01,1.62,5.98,11.4,8.94,5.32,3.42,8.1,8.58,5.64
91,0.8,5.92,9.56,4.45,3.62,5.71,4.18,3.57,6.28,15.0,8.21,19.3,4.53,8.04,2.61,1.41,5.79,13.4,8.34,5.21,2.1,8.34,9.15,4.37
92,0.8,5.47,8.77,3.53,3.11,5.09,3.94,3.43,4.65,10.7,5.95,19.7,3.82,9.21,2.23,1.24,5.18,12.1,9.21,5.08,2.84,8.03,8.48,4.11
93,0.8,4.96,8.35,2.66,2.69,4.72,3.76,3.03,4.94,9.6,5.02,17.1,3.13,10.1,1.91,1.16,4.74,10.8,8.52,4.95,2.94,7.72,7.68,3.91
94,0.8,4.52,8.18,2.19,2.27,4.32,3.6,2.69,5.12,9.6,5.21,14.6,2.61,8.31,1.6,1.07,4.45,9.7,7.63,4.82,2.55,7.41,6.87,3.71
95,0.8,4.4,8.01,1.8,2.03,3.68,3.51,2.37,5.05,9.6,5.24,12.1,2.15,6.3,1.39,0.985,4.24,8.65,6.93,4.69,2.15,7.1,6.06,3.51
96,0.8,4.33,7.84,1.41,1.82,3.02,3.44,2.07,4.72,9.6,4.85,9.84,1.84,4.76,1.26,0.906,4.1,7.71,6.38,4.56,1.76,6.78,5.32,3.31
97,0.8,4.26,7.67,1.82,1.61,2.56,3.37,1.87,4.37,9.6,4.23,8.68,1.65,4.09,1.26,0.856,4.07,6.77,5.85,4.46,1.41,6.4,5.02,3.11
98,0.8,4.18,7.5,1.9,1.41,3.02,3.35,1.67,4.02,9.6,4.3,6.59,1.56,3.53,1.29,1.12,4.21,5.9,5.33,4.51,1.05,6.01,4.81,2.91
99,0.8,4.11,7.33,1.39,1.22,3.27,3.6,1.49,3.67,9.6,4.3,8.95,1.48,4.14,1.35,1.41,4.01,5.06,4.85,4.58,0.698,5.63,4.6,2.71
100,0.8,4.03,7.16,1.14,1.02,2.95,4.17,1.42,3.32,9.6,4.14,8.03,1.4,2.86,1.45,1.15,4.0,4.23,4.46,4.66,0.346,5.27,4.39,2.51
101,0.8,3.95,6.96,1.09,0.832,2.63,4.76,1.19,2.96,9.6,3.97,6.92,1.36,2.3,1.58,1.35,4.61,3.52,4.1,4.63,1.28,5.24,4.17,2.31
102,0.8,3.85,6.88,1.48,0.822,2.32,5.1,0.767,2.52,9.4,3.92,7.37,1.37,2.27,1.83,1.71,4.93,3.02,3.83,4.03,3.35,4.49,3.96,2.14
103,3.15,3.73,6.59,4.95,1.05,2.84,4.93,1.04,2.01,9.9,3.9,4.16,2.06,2.9,2.32,1.25,4.77,2.53,3.7,3.87,4.63,3.61,3.78,5.79
104,6.05,3.62,6.57,4.73,1.57,3.45,4.8,0.972,2.09,9.6,3.64,8.27,5.3,5.96,2.09,0.999,5.27,2.03,4.01,3.9,2.76,3.15,3.72,6.37
105,5.42,3.51,7.03,2.82,1.6,2.84,4.76,0.901,2.88,9.2,3.3,8.22,3.82,8.63,1.82,1.78,4.89,1.53,4.08,3.98,1.46,3.46,3.69,4.11
106,4.24,2.65,6.52,2.23,1.04,2.6,5.12,1.97,3.01,9.3,3.22,6.15,2.37,6.31,1.71,1.12,5.09,1.24,4.08,4.63,2.13,3.83,3.65,2.73
107,4.65,6.39,5.41,3.59,2.8,2.41,5.9,4.4,2.85,8.2,3.45,4.64,4.05,5.74,3.6,2.75,6.74,8.65,4.9,9.45,4.64,3.02,3.38,4.55
108,4.4,6.9,6.76,2.83,2.58,2.28,5.19,7.65,4.22,8.8,3.95,8.12,3.37,6.73,8.8,6.08,6.95,12.5,5.1,8.62,10.2,4.37,3.79,3.97
109,3.75,3.32,7.03,2.2,1.94,2.16,4.27,7.91,3.96,7.8,4.37,8.74,2.64,6.05,7.72,7.39,5.45,10.3,5.37,7.56,12.1,4.05,4.16,3.43
110,3.08,3.11,7.03,1.82,1.47,2.0,3.7,7.66,3.34,7.8,3.86,8.91,2.18,5.3,5.63,5.69,4.52,8.21,5.52,6.64,6.19,4.58,4.41,2.9
111,2.41,3.24,7.03,1.55,1.19,1.78,3.31,7.45,2.84,7.8,4.01,8.9,1.89,4.48,4.18,4.02,3.69,6.23,6.32,5.79,3.13,4.79,4.07,2.37
112,1.74,3.24,7.03,1.3,1.0,1.56,2.97,7.25,2.49,7.8,4.16,8.19,1.68,3.67,3.33,2.93,2.85,4.88,5.64,4.95,2.06,4.61,3.77,1.84
113,1.7,3.22,7.03,1.27,0.985,1.56,2.8,7.11,2.27,5.6,4.38,3.63,1.7,2.66,2.75,2.47,2.24,3.71,5.05,4.15,1.43,4.43,3.49,1.52
114,2.43,2.33,7.03,2.0,1.66,2.39,2.77,7.29,2.14,3.2,3.63,6.31,2.11,2.23,2.5,2.11,2.45,2.64,4.53,3.57,2.39,4.25,3.21,1.65
115,1.91,5.46,7.03,2.06,2.55,2.62,3.73,6.8,2.03,0.9,3.03,7.39,1.82,2.73,2.67,1.84,2.31,2.21,4.11,3.03,3.43,4.08,2.93,1.53
116,2.01,4.82,7.03,1.6,2.37,2.04,4.13,6.74,1.96,0.8,2.45,7.4,1.46,3.17,3.12,2.14,2.64,1.88,3.7,2.49,3.32,3.9,2.65,1.81
117,1.77,4.09,7.03,1.3,1.81,1.48,3.23,6.41,1.95,0.8,1.98,7.76,1.28,2.63,3.08,2.85,2.0,1.54,3.31,1.96,2.7,3.72,2.39,1.44
118,1.53,3.6,7.03,1.12,1.37,1.23,2.34,5.57,2.07,0.8,1.85,7.02,1.14,2.38,2.99,1.76,1.8,1.24,3.04,1.5,1.44,3.52,2.25,1.08
119,1.3,3.37,7.03,1.01,1.1,1.08,1.5,5.03,2.46,0.8,2.05,5.91,1.13,2.24,2.92,1.34,1.69,1.15,2.79,1.06,0.458,3.31,2.15,0.76
120,1.1,3.21,7.03,0.905,0.883,0.923,0.908,4.29,2.31,0.8,2.11,4.81,1.1,2.11,2.84,1.12,1.61,1.09,2.54,0.627,0.348,3.11,2.04,0.719
121,0.898,3.19,7.03,0.846,0.741,0.774,0.53,3.43,2.01,0.8,2.1,3.71,1.08,1.97,2.8,1.43,1.56,1.03,2.32,0.426,0.272,2.9,1.94,0.718
122,0.8,3.18,7.02,0.794,0.617,0.719,0.282,2.58,1.82,0.8,1.93,2.88,1.06,1.8,2.77,1.59,1.53,0.976,2.11,0.297,0.197,2.7,1.83,0.718
123,0.8,3.18,7.02,0.741,0.538,0.706,0.16,1.98,1.66,0.8,1.76,2.23,1.03,1.62,2.73,1.36,1.5,0.919,1.91,0.168,0.121,2.49,1.73,0.717
124,0.8,3.17,7.02,0.691,0.467,0.692,0.07,1.54,1.51,0.8,1.66,1.61,1.01,1.44,2.7,1.14,1.49,0.863,1.71,0.059,0.055,2.28,1.62,0.717
125,0.8,3.17,7.02,0.649,0.418,0.663,0.045,1.25,1.42,0.8,1.69,1.2,0.969,1.33,2.69,0.937,1.48,0.806,1.54,0.046,0.046,2.07,1.46,0.716
126,0.8,3.17,7.02,0.608,0.372,0.629,0.044,0.985,1.36,0.8,1.69,0.84,0.932,1.24,2.67,0.738,1.48,0.749,1.38,0.044,0.046,1.86,1.3,0.716
127,0.8,3.16,7.02,0.567,0.326,0.595,0.044,0.771,1.35,0.8,1.65,0.491,0.895,1.15,2.66,0.538,1.48,0.693,1.25,0.043,0.045,1.66,1.13,0.715
128,0.8,3.16,7.02,0.53,0.321,0.561,0.043,0.591,1.37,0.9,1.64,0.299,0.859,1.07,2.75,0.338,1.5,0.636,1.14,0.042,0.044,1.51,0.963,0.715
129,0.8,3.15,7.02,0.495,0.34,0.527,0.042,0.41,1.4,1.0,1.65,0.179,0.936,1.0,3.1,0.139,1.52,0.58,1.06,0.041,0.043,1.36,0.797,0.715
130,0.8,3.15,7.02,0.461,0.382,0.503,0.041,0.28,1.42,0.8,1.6,0.066,0.822,0.932,3.46,0.052,1.63,0.523,0.979,0.039,0.043,1.22,0.63,0.714
131,0.8,3.15,7.01,0.441,0.445,0.564,0.048,0.267,1.37,1.2,1.5,0.04,0.739,0.94,3.83,0.2,1.73,0.466,1.01,0.269,0.043,1.11,0.529,0.714
132,0.8,3.14,7.01,0.609,0.54,1.01,0.121,0.978,1.12,1.2,1.93,0.041,0.733,1.0,3.85,0.925,1.81,0.416,1.37,1.81,0.059,1.39,0.697,0.714
133,0.8,3.14,7.01,1.26,0.714,1.42,0.209,2.38,1.16,1.0,1.29,0.042,1.28,1.06,3.09,1.71,2.21,0.442,1.77,3.07,0.146,1.79,0.895,0.714
134,0.8,3.13,6.89,1.57,0.803,1.19,0.298,1.89,1.27,0.8,1.56,0.043,4.01,1.05,2.44,1.92,2.1,0.488,1.95,2.85,0.233,1.76,1.09,0.713
135,0.8,3.13,6.83,1.12,0.76,0.948,0.386,1.35,1.4,0.8,1.84,0.043,2.71,0.997,1.93,1.67,1.92,0.486,1.66,2.53,0.209,1.47,1.27,0.713
136,0.8,3.13,7.01,0.797,0.715,0.77,0.443,0.926,1.52,0.8,2.02,0.044,1.23,1.12,1.49,1.43,1.81,0.469,1.38,2.2,0.155,1.19,1.23,0.713
137,0.8,3.12,7.01,0.533,0.674,0.612,0.278,0.65,1.66,0.8,2.1,0.045,0.733,1.38,1.22,1.18,1.72,0.452,1.18,1.88,0.101,0.901,1.13,0.713
138,0.8,3.12,7.02,0.466,0.647,0.471,0.103,0.499,1.85,0.8,2.12,0.046,0.581,0.955,1.09,0.933,1.64,0.435,1.04,1.57,0.052,0.624,1.04,0.712
139,0.8,3.12,7.02,0.422,0.62,0.433,0.076,0.385,2.06,0.8,2.14,0.045,0.533,0.865,1.08,0.701,1.6,0.419,0.962,1.31,0.041,0.442,0.979,0.712
140,0.8,3.11,7.02,0.377,0.594,0.415,0.067,0.311,2.28,0.8,2.16,0.045,0.508,0.854,1.08,0.471,1.79,0.402,0.912,1.06,0.04,0.284,0.932,0.712
141,0.8,3.11,7.02,0.342,0.568,0.396,0.057,0.256,2.49,0.8,2.21,0.044,0.491,0.802,1.08,0.242,1.83,0.385,0.883,0.809,0.04,0.151,0.885,0.712
142,0.8,3.1,7.03,0.323,0.541,0.378,0.048,0.205,2.64,0.8,2.27,0.044,0.473,0.751,1.08,0.151,1.74,0.368,1.19,0.56,0.1,0.11,0.838,0.711
143,0.8,3.1,7.03,0.306,0.515,0.359,0.041,0.179,2.66,0.8,2.25,0.043,0.456,0.7,1.82,0.156,2.02,0.351,1.46,0.311,0.196,0.077,0.791,0.711
144,0.8,3.1,7.03,0.288,0.488,0.341,0.04,0.159,2.69,0.8,2.3,0.043,0.438,0.649,3.84,0.165,1.92,0.334,1.27,0.082,0.065,0.046,0.742,0.711
145,0.8,3.09,7.03,0.27,0.462,0.306,0.042,0.151,2.68,0.8,2.45,0.042,0.421,0.621,2.98,0.24,1.71,0.318,1.1,0.04,0.04,0.075,0.71,0.711
146,0.8,3.09,7.03,0.253,0.437,0.293,0.055,0.167,2.69,0.8,2.67,0.042,0.408,0.589,2.38,0.635,1.81,0.301,1.27,0.039,0.04,0.385,0.783,0.71
147,0.8,3.08,7.04,0.242,0.417,0.646,0.07,0.196,2.75,0.8,2.73,0.045,0.412,0.547,2.01,0.801,2.8,0.284,2.31,0.051,0.04,0.752,0.875,0.71
148,0.8,3.08,7.04,0.23,0.399,1.32,0.88,0.379,2.93,0.8,2.47,4.19,0.418,0.506,1.81,0.668,2.11,0.267,2.14,0.24,1.87,1.08,0.968,0.71
149,0.8,3.08,7.04,0.219,0.38,1.07,1.32,0.573,2.59,1.0,2.44,5.58,0.423,0.465,1.99,0.534,1.74,0.25,1.97,0.49,3.43,0.78,1.06,0.709
150,0.8,3.07,7.04,0.208,0.362,0.794,1.04,0.565,2.35,1.6,2.13,5.11,0.429,0.424,2.66,0.401,1.63,0.234,1.82,0.741,1.95,0.283,1.15,0.709
151,0.8,3.07,7.05,0.196,0.344,0.538,0.825,0.845,3.07,0.3,1.89,2.43,0.434,0.388,4.22,0.273,1.67,0.217,1.68,0.995,0.427,0.147,1.23,0.709
152,0.8,3.06,7.05,0.186,0.324,0.487,1.16,0.757,3.27,0.1,1.86,1.31,0.431,0.398,3.83,0.17,2.73,0.202,1.62,1.24,0.192,0.307,1.22,0.709
153,0.8,3.06,7.05,0.178,0.314,0.492,1.55,0.926,3.22,0.0,2.03,0.881,0.407,0.411,3.18,0.073,2.35,0.2,1.95,1.19,0.155,0.488,1.19,0.708
154,0.8,3.06,7.05,0.17,0.309,0.496,1.44,1.33,3.17,0.0,1.96,0.569,0.384,0.39,2.8,0.089,2.18,0.2,1.87,1.05,0.121,0.655,1.16,0.708
155,0.8,3.05,7.06,0.162,0.305,0.501,1.24,1.91,3.12,0.0,1.88,0.431,0.36,0.366,2.5,0.099,2.05,0.2,1.71,0.904,0.087,0.643,1.14,0.708
156,0.8,3.05,7.06,0.154,0.3,0.506,1.07,2.09,3.08,0.0,1.9,0.335,0.34,0.343,2.3,0.093,1.97,0.2,1.57,0.761,0.06,0.58,1.11,0.708
157,0.8,3.04,7.06,0.146,0.296,0.51,0.931,1.84,3.04,0.0,1.88,0.239,0.328,0.371,2.13,0.086,1.89,0.2,1.46,0.618,0.204,0.517,1.08,0.707
158,0.8,3.04,7.06,0.138,0.291,0.515,0.79,1.59,3.0,0.0,1.81,0.143,0.318,0.427,2.0,0.08,2.31,0.2,1.4,0.474,0.245,0.454,1.05,0.707
159,0.8,3.04,7.07,0.131,0.285,0.519,0.651,1.35,2.96,0.0,1.69,0.056,0.309,0.465,1.89,0.073,2.26,0.2,1.65,0.346,0.175,0.391,1.02,0.707
160,0.8,3.03,7.07,0.124,0.269,0.516,0.534,1.16,2.93,0.0,1.71,0.041,0.306,0.375,1.8,0.068,2.24,0.2,1.98,0.288,0.128,0.333,1.02,0.707
161,0.8,3.03,7.07,0.118,0.251,0.512,0.424,0.997,2.9,0.0,1.74,0.041,0.412,0.315,1.71,0.062,2.25,0.2,1.83,0.239,0.083,0.275,1.02,0.706
162,0.8,3.02,7.07,0.112,0.234,0.508,0.314,0.853,2.87,0.0,1.81,0.041,0.58,0.266,1.63,0.056,2.26,0.2,1.71,0.189,0.048,0.217,1.02,0.706
163,0.8,3.02,7.08,0.106,0.217,0.504,0.222,0.718,2.84,0.0,1.9,0.04,0.476,0.231,1.57,0.051,2.26,0.2,1.62,0.139,0.044,0.16,1.02,0.706
164,0.8,3.02,7.08,0.099,0.2,0.5,0.16,0.591,2.81,0.0,1.95,0.04,0.41,0.224,1.5,0.045,2.27,0.2,1.58,0.09,0.042,0.102,1.02,0.706
165,0.8,3.01,7.08,0.095,0.183,0.496,0.099,0.476,2.78,0.0,1.97,0.04,0.368,0.244,1.44,0.04,2.26,0.2,1.48,0.046,0.04,0.049,1.01,0.705
166,0.8,3.01,7.08,0.161,0.168,0.455,0.047,0.378,2.76,0.0,1.95,0.04,0.517,0.259,1.43,0.04,2.3,0.2,1.33,0.04,0.04,0.04,0.983,0.705
167,0.8,3.0,7.08,0.297,0.176,0.407,0.04,0.285,2.74,0.0,1.97,0.04,0.554,0.245,1.41,0.04,2.37,0.2,1.3,0.039,0.04,0.04,0.952,0.705
168,0.8,3.0,7.09,0.111,0.187,0.377,0.04,0.225,2.72,0.0,2.05,0.04,0.616,0.23,1.4,0.04,2.44,0.2,1.53,0.039,0.04,0.04,0.921,0.705
169,0.8,3.0,7.09,0.118,0.197,0.346,0.04,0.18,2.69,0.0,2.13,0.04,0.526,0.23,1.39,0.04,2.51,0.2,2.01,0.039,0.04,0.041,0.89,0.704
170,0.8,2.99,7.09,0.124,0.207,0.345,0.04,0.144,2.66,0.0,2.17,0.04,0.461,0.248,1.38,0.04,2.58,0.2,2.27,0.039,0.04,0.046,0.859,0.704
171,0.8,2.99,7.09,0.131,0.218,0.363,0.04,0.107,2.65,0.0,2.13,0.04,0.43,0.266,1.36,0.04,2.65,0.2,1.65,0.04,0.04,0.053,0.828,0.704
172,0.8,2.99,7.1,0.181,0.228,0.38,0.04,0.071,2.99,0.0,2.08,0.04,0.404,0.258,1.35,0.04,2.72,0.2,1.18,0.04,0.064,0.06,0.797,0.704
173,0.8,3.02,7.1,1.17,0.238,0.408,0.076,0.051,4.42,0.0,2.05,0.04,0.396,0.223,1.43,0.04,2.79,0.223,1.06,0.128,0.23,0.188,0.754,0.703
174,1.94,5.62,3.21,3.38,0.249,0.491,0.561,0.202,2.22,0.8,2.1,0.968,0.476,0.315,3.81,0.136,2.61,0.882,2.02,1.8,1.08,0.786,0.599,1.36
175,3.98,8.74,3.17,3.55,1.48,1.16,2.43,1.98,0.788,4.2,3.19,12.8,1.92,1.4,5.17,1.85,4.08,1.85,5.39,3.99,8.18,0.973,0.564,3.68
176,4.06,8.63,3.67,2.8,3.57,2.46,5.62,2.28,1.34,0.8,3.53,15.5,2.27,3.06,5.59,5.56,4.08,3.05,5.92,3.73,10.1,2.78,1.05,2.38
177,3.46,4.26,4.29,2.23,2.32,2.26,8.69,2.5,2.28,0.0,3.61,14.1,1.81,3.1,5.19,5.4,3.44,4.01,4.26,3.72,6.78,3.86,1.5,1.69
178,2.51,3.91,4.77,1.87,1.84,1.98,8.61,2.53,3.02,0.0,3.26,12.7,1.59,2.84,4.78,4.71,3.12,4.8,3.47,3.7,5.25,5.11,1.95,1.54
179,1.55,3.64,5.25,1.56,1.53,1.78,7.28,1.67,2.85,0.0,3.05,11.3,1.41,2.58,4.37,4.34,2.88,4.72,3.54,3.73,5.02,5.82,2.4,1.38
180,0.84,3.37,5.75,1.33,1.27,1.61,5.87,1.1,2.59,0.0,3.13,9.94,1.3,2.33,3.96,4.0,2.7,4.38,3.6,4.95,4.89,5.57,2.76,1.23
181,0.8,3.11,6.26,1.16,1.11,1.51,4.82,0.783,2.43,0.0,3.18,8.49,1.15,2.13,3.61,3.66,2.6,4.05,3.58,4.9,4.81,5.24,2.61,1.08
182,0.8,2.95,6.76,0.993,0.962,1.42,3.81,0.646,2.34,0.0,3.06,7.05,0.989,1.93,3.29,3.32,2.53,3.71,3.53,4.4,4.74,4.88,2.37,0.921
183,0.8,3.5576826123361727,7.01,0.889,0.872,1.35,3.03,0.589,2.14,0.0,2.95,6.25,0.88,1.83,2.75,2.92,2.43,3.48,3.5,4.12,4.28,0.671,2.25,1.86
184,0.8,2.89,7.01,0.919,0.868,1.31,2.39,0.564,2.02,0.0,2.82,6.09,0.814,1.82,1.96,2.36,2.29,3.32,3.49,4.08,3.29,1.28,2.26,1.87
185,2.37,3.18,7.01,2.03,1.43,1.35,2.03,0.712,2.02,0.1,2.8,5.88,0.903,1.78,1.64,1.81,2.73,3.17,3.53,4.03,2.79,1.29,2.27,1.94
186,4.18,6.23,6.81,2.9,2.33,1.67,2.47,2.72,2.19,0.1,3.15,5.21,2.79,1.69,1.65,1.25,5.91,3.02,4.81,3.79,2.84,1.74,2.29,4.15
187,3.34,9.65,6.53,2.97,2.78,2.15,2.68,2.72,1.9,0.1,2.05,8.98,3.19,2.08,1.64,1.25,6.88,2.86,4.62,3.56,2.93,4.02,2.3,4.25
188,3.13,8.33,6.93,2.38,2.61,2.2,2.3,2.42,2.11,0.0,1.84,10.6,2.31,3.49,1.62,2.85,5.78,2.71,4.17,3.63,3.26,3.61,2.35,3.0
189,2.67,4.94,6.9,1.94,2.24,2.01,2.18,2.24,2.28,0.0,1.98,9.75,1.96,4.57,1.61,2.66,4.79,2.56,3.77,3.81,3.64,2.59,2.4,2.26
190,2.35,5.88,6.88,1.74,1.99,1.81,2.98,2.18,2.23,0.1,2.12,8.37,2.65,4.17,1.97,2.34,4.46,2.4,3.58,4.11,4.01,2.18,2.44,3.2
191,2.35,8.57,6.86,1.62,1.75,1.64,4.87,2.39,2.14,0.1,2.26,7.64,2.28,4.4,2.49,2.01,5.15,2.25,4.29,4.49,4.34,2.94,2.49,3.03
192,1.83,9.51,6.84,1.55,1.58,1.52,3.38,2.99,2.21,0.0,2.4,10.2,1.96,4.6,1.71,1.69,4.8,2.1,4.11,5.01,4.53,4.2,2.54,2.78
193,1.29,8.21,6.81,1.5,1.44,1.41,2.38,3.9,2.51,0.0,2.5,9.89,1.75,4.04,1.31,1.37,4.41,1.94,3.84,5.5,4.72,3.98,2.59,2.54
194,0.969,6.81,6.79,1.47,1.3,1.36,1.76,4.33,2.49,0.0,2.33,9.42,1.56,3.34,1.11,1.09,4.03,1.79,3.58,5.84,4.76,3.36,2.63,2.3
195,0.951,5.4,6.77,1.44,1.19,1.32,1.49,2.81,2.46,0.0,2.18,8.94,1.44,2.62,1.09,1.02,3.72,1.64,3.35,5.7,4.06,2.94,2.64,2.05
196,1.03,4.0,6.75,1.49,1.08,1.29,1.33,1.97,2.43,0.1,2.06,8.16,1.36,1.94,1.09,0.963,3.42,1.48,3.14,5.43,3.26,2.67,2.64,1.81
197,2.55,5.59,7.02,2.43,1.23,1.45,5.54,2.8,1.91,3.7,1.96,2.32,1.68,2.0,1.51,1.49,3.71,1.33,4.1,3.6,4.69,2.72,2.18,2.13
198,2.76,10.5,7.38,2.96,3.05,1.68,8.93,5.79,2.06,6.7,3.15,4.06,3.35,2.84,4.21,3.37,5.75,1.18,4.66,7.13,10.5,3.29,2.56,4.59
199,2.12,11.0,7.05,2.41,3.0,1.91,7.7,7.0,3.85,7.6,4.73,8.37,3.2,3.83,4.13,5.11,5.89,1.02,5.39,8.28,12.7,4.57,2.99,5.32
200,1.3,6.54,6.88,1.85,2.46,2.15,5.39,7.53,4.08,6.7,4.34,10.4,2.45,4.81,3.23,5.08,5.26,0.87,5.57,8.0,11.6,5.88,3.52,4.94
201,0.823,2.94,6.87,1.65,1.95,2.06,3.96,7.08,3.85,5.3,3.88,10.1,1.99,5.25,2.56,4.71,4.64,0.73,5.01,7.7,10.5,5.61,4.36,3.79
202,0.825,2.89,6.86,1.55,1.59,1.82,3.26,6.46,3.63,5.2,3.44,9.6,1.78,4.7,1.92,4.43,4.06,0.714,4.33,7.26,9.65,4.6,4.4,2.64
203,0.83,2.89,6.85,1.54,1.33,1.62,2.91,5.84,3.41,5.2,3.03,9.07,1.77,4.13,1.67,4.18,3.53,0.73,3.63,6.82,8.81,3.6,4.34,3.09
204,0.835,2.89,6.84,1.84,1.16,1.47,2.72,5.21,3.23,5.2,2.75,8.55,1.83,3.7,1.64,3.94,3.08,0.747,3.05,6.49,7.97,2.81,4.28,2.17
205,0.84,2.89,6.83,2.41,1.04,1.37,2.61,4.59,3.06,5.2,2.47,8.03,1.67,3.35,1.6,3.69,2.64,0.763,2.55,6.18,7.08,2.77,4.22,1.67
206,1.33,3.01,6.61,2.4,0.984,1.29,2.7,3.76,2.77,5.0,2.2,6.29,1.62,2.99,1.91,3.45,2.55,0.779,2.07,5.8,3.69,2.81,4.11,1.75
207,1.63,4.13,3.77,2.25,2.09,1.3,4.79,2.2,1.55,3.3,1.96,1.82,3.17,2.27,7.41,4.19,4.1,0.845,2.47,3.94,3.77,2.87,2.61,2.75
208,2.07,5.4,4.46,2.27,3.08,1.39,4.38,2.85,1.78,5.5,1.77,4.52,2.6,2.31,9.15,9.65,5.56,2.84,4.8,4.89,5.32,3.76,2.01,2.73
209,2.29,6.93,5.32,1.97,2.77,1.55,5.28,3.69,2.41,6.2,1.92,9.12,2.25,3.69,8.65,9.14,6.06,5.35,5.97,5.52,7.71,5.08,2.16,2.59
210,2.2,6.43,6.1,1.71,2.24,1.72,5.77,4.29,2.69,5.9,2.15,7.81,2.06,4.45,6.37,6.72,5.65,6.71,5.17,5.78,8.43,4.77,2.89,2.29
211,1.93,5.4,4.44,2.0,2.04,1.72,6.52,4.6,2.63,4.6,2.38,2.69,2.43,4.19,5.67,5.64,5.63,7.03,3.83,5.35,4.64,3.92,3.53,2.53
212,1.88,6.31,3.93,1.91,2.39,1.67,7.34,4.88,2.61,4.5,2.61,4.39,2.55,3.92,6.05,8.33,4.89,5.03,4.19,5.22,4.62,4.43,3.5,2.64
213,2.13,6.68,5.9,1.63,2.31,1.63,6.99,5.2,2.77,5.6,2.84,7.17,2.25,3.67,6.16,6.89,4.3,6.13,5.17,5.92,6.52,4.94,3.42,2.57
214,2.1,6.12,7.01,1.47,2.0,1.58,6.67,5.84,3.02,5.4,3.07,7.91,2.05,3.77,6.7,7.77,4.58,5.95,6.05,5.97,7.29,5.35,3.34,2.48
215,2.07,5.55,7.02,1.39,1.73,1.54,6.36,6.46,3.28,5.2,3.3,8.13,1.9,4.02,6.11,7.43,4.95,5.74,6.04,5.66,7.4,5.38,3.3,2.4
216,2.03,5.04,7.03,1.41,1.59,1.5,6.07,6.21,3.34,5.2,3.45,8.15,1.85,3.94,5.46,7.14,5.15,5.53,5.83,5.36,7.46,5.37,3.5,2.33
217,1.99,4.95,7.04,1.43,1.46,1.46,5.77,5.78,3.16,5.2,3.35,8.15,1.82,3.81,5.16,6.94,5.26,5.31,5.64,5.26,7.5,5.38,3.73,2.31
218,1.96,4.95,7.05,1.45,1.36,1.41,5.5,5.34,2.97,5.2,3.23,8.15,1.79,3.74,5.06,6.73,5.21,5.1,5.49,5.22,7.55,5.4,3.89,2.3
219,1.92,4.95,7.06,1.48,1.31,1.41,5.31,4.9,2.79,5.2,3.11,8.14,1.76,3.67,4.97,6.52,5.12,4.88,5.46,5.17,7.58,5.43,3.78,2.3
220,1.89,4.95,7.08,1.5,1.26,1.42,5.13,4.57,2.6,5.2,2.98,8.14,1.73,3.55,4.87,6.31,5.04,4.67,5.44,5.13,7.54,5.45,3.64,2.3
221,1.85,4.95,7.09,1.5,1.22,1.43,4.95,4.3,2.42,5.2,2.86,8.14,1.7,3.38,4.78,6.08,4.94,4.45,5.39,5.08,7.48,5.47,3.49,2.3
222,1.82,4.95,7.1,1.37,1.24,1.38,4.75,4.04,2.23,5.2,2.76,8.08,1.66,3.25,4.7,5.68,4.74,4.24,5.13,4.88,7.21,5.44,3.37,2.3
223,1.78,4.95,7.11,1.27,1.26,1.33,4.46,4.01,2.16,5.2,2.67,8.01,1.63,3.12,4.62,5.25,4.52,4.03,4.83,4.66,6.9,5.4,3.24,2.29
224,1.74,4.95,7.11,1.19,1.29,1.27,4.17,3.91,2.12,5.2,2.59,7.94,1.6,3.01,4.54,4.82,4.33,3.81,4.54,4.44,6.58,5.36,3.12,2.29
225,1.71,4.95,7.1,1.14,1.31,1.22,3.88,3.64,2.03,5.1,2.5,7.87,1.57,2.91,4.46,4.39,4.21,3.6,4.33,4.34,6.27,5.32,3.0,2.29
226,1.67,4.95,7.1,1.11,1.34,1.18,3.59,3.39,2.05,5.1,2.41,7.8,1.54,2.83,4.39,3.97,4.18,3.31,4.14,4.26,5.95,5.27,2.88,2.29
227,1.64,4.95,7.09,1.14,1.37,1.14,3.3,3.25,2.06,5.1,2.32,7.73,1.52,2.77,4.31,3.54,4.2,2.96,3.94,4.18,5.64,5.23,2.75,2.29
228,1.6,4.95,7.09,1.17,1.38,1.11,3.03,3.15,2.08,5.1,2.23,7.64,1.53,2.72,4.29,3.15,4.23,2.61,3.76,4.1,5.33,5.18,2.64,2.28
229,1.57,4.95,7.08,1.21,1.39,1.09,2.99,3.04,2.1,5.0,2.19,7.43,1.52,2.7,4.37,2.94,4.3,2.26,3.62,4.01,5.08,5.06,2.6,2.28
230,1.53,4.95,7.08,1.26,1.42,1.1,3.06,2.93,2.12,5.0,2.16,7.19,1.56,2.7,4.5,2.84,4.38,2.15,3.64,3.92,4.83,4.93,2.56,2.28
231,1.52,4.95,7.08,1.3,1.45,1.11,3.23,2.84,2.16,5.0,2.14,6.95,1.63,2.74,5.28,3.25,4.66,2.25,3.77,3.83,4.59,4.8,2.53,2.28
232,1.51,4.95,7.07,1.35,1.48,1.12,3.54,2.75,2.19,5.0,2.11,6.71,1.68,2.81,5.34,5.43,4.84,2.41,3.94,3.79,4.41,4.67,2.49,2.28
233,1.5,4.95,7.07,1.39,1.51,1.14,3.91,2.66,2.22,4.9,2.08,6.47,1.68,2.89,5.16,5.83,4.11,2.48,3.99,3.76,4.27,4.54,2.46,2.28
234,1.48,4.95,7.06,1.43,1.53,1.16,4.09,2.57,2.25,4.9,2.05,6.23,1.67,2.85,4.97,5.4,3.57,2.45,3.85,3.73,4.2,4.42,2.42,2.28
235,1.47,4.95,7.06,1.48,1.56,1.2,3.93,2.5,2.3,4.9,2.08,6.01,1.67,2.76,4.78,5.01,3.39,2.42,3.71,3.69,4.37,4.29,2.39,2.28
236,1.46,4.95,7.05,1.52,1.59,1.24,3.85,2.53,2.34,4.8,2.19,6.04,1.67,2.76,4.58,4.88,4.33,2.39,3.59,3.58,4.57,4.17,2.41,2.28
237,1.45,4.95,7.05,1.57,1.62,1.27,3.77,2.57,2.39,4.8,2.29,6.13,1.66,2.84,4.39,4.79,4.33,2.35,3.47,3.46,4.78,4.05,2.45,2.28
238,1.5,4.95,7.04,1.61,1.65,1.31,3.7,2.63,2.44,4.8,2.4,6.22,1.68,2.78,4.26,4.71,4.27,2.32,3.37,3.34,4.99,3.94,2.49,2.28
239,1.7,4.95,7.04,1.66,1.68,1.35,3.68,2.74,2.49,4.8,2.5,6.31,1.74,2.82,4.52,4.63,4.21,2.29,3.46,3.23,5.19,3.82,2.53,2.28
240,1.6,4.95,7.04,1.7,1.71,1.39,3.65,2.84,2.54,4.7,2.61,6.4,1.81,2.96,4.79,4.54,4.15,2.26,3.62,3.17,5.4,3.7,2.57,2.28
241,1.49,4.95,7.03,1.7,1.74,1.43,3.63,2.97,2.62,4.7,2.72,6.49,1.87,3.1,4.69,4.46,4.09,2.23,3.78,3.12,5.61,3.59,2.61,2.28
242,1.48,4.95,7.03,1.66,1.76,1.47,3.77,3.19,2.69,4.7,2.82,6.58,1.94,3.21,4.51,4.35,3.97,2.19,3.87,3.08,5.69,3.49,2.64,2.28
243,1.54,4.95,7.02,1.62,1.68,1.49,3.92,3.4,2.77,4.7,2.99,6.66,2.01,3.11,4.36,4.28,3.87,2.16,3.68,3.08,5.37,3.42,2.64,2.28
244,1.81,4.95,7.02,1.58,1.57,1.55,3.78,3.62,2.85,4.6,3.13,6.63,2.1,3.0,4.21,4.24,3.81,2.13,3.47,3.09,5.08,3.31,2.65,2.28
245,1.79,4.95,7.01,1.55,1.47,1.62,3.6,3.84,2.93,4.6,3.23,6.58,2.2,2.97,4.07,4.19,3.75,2.1,3.27,3.09,4.79,3.2,2.66,2.28
246,1.71,4.95,7.01,1.52,1.37,1.7,3.45,3.98,3.02,4.6,3.32,6.54,2.3,3.04,3.92,4.14,3.67,2.06,3.06,3.1,4.5,3.09,2.67,2.28
247,1.63,4.95,7.01,1.48,1.27,1.78,3.35,3.36,3.12,4.6,3.42,6.49,2.47,3.1,3.77,4.1,3.57,2.03,2.91,3.1,4.21,3.02,2.69,2.28
248,1.59,4.9,6.83,1.73,1.21,1.85,3.42,2.48,3.22,4.4,3.46,5.94,2.66,3.04,3.63,4.05,3.53,2.0,2.81,3.24,3.92,3.1,2.7,2.35
249,1.97,5.37,5.12,2.55,2.3,1.92,3.98,3.07,2.26,4.5,3.22,4.19,2.77,2.94,3.55,4.01,3.74,1.97,3.0,5.51,5.64,3.25,2.74,3.42
250,2.27,6.78,6.69,2.45,2.71,1.92,3.76,4.88,2.11,4.6,3.02,7.2,2.57,3.25,3.54,3.96,3.54,1.94,2.95,6.77,8.73,3.8,2.94,2.92
251,2.53,6.77,7.0,2.1,2.31,1.9,3.51,4.27,2.55,4.6,3.14,7.05,2.38,3.66,3.54,3.92,3.4,1.91,2.86,6.38,8.14,4.42,3.17,2.7
252,2.58,6.52,7.0,1.81,1.83,1.87,3.35,3.41,2.48,4.6,3.29,6.68,2.2,3.87,3.53,3.88,3.3,1.89,2.77,5.91,7.39,5.05,3.38,2.55
253,2.54,6.13,7.0,1.65,1.38,1.85,3.49,2.54,2.31,4.6,3.44,6.21,2.02,3.38,3.52,3.84,3.24,1.88,2.72,5.85,6.42,5.6,3.39,2.39
254,1.31,2.89,2.82,1.76,2.06,1.81,3.78,2.73,2.0,4.3,3.08,2.85,2.09,3.13,4.34,4.09,3.86,1.56,3.27,5.28,4.74,5.32,3.21,1.76
255,1.46,4.12,4.01,1.62,2.65,1.78,4.23,4.48,2.21,6.4,2.57,5.44,2.07,3.36,5.45,6.26,3.63,5.65,3.91,5.91,7.83,4.84,2.78,2.06
256,1.46,5.09,6.36,1.59,2.39,1.74,4.91,5.44,2.38,6.6,2.74,7.08,2.01,3.47,6.33,6.06,4.72,7.03,4.27,6.37,8.83,4.37,3.03,1.93
257,1.54,5.07,7.0,1.55,2.18,1.69,5.85,5.13,3.11,6.6,3.09,7.24,1.97,3.23,4.84,6.78,4.01,7.07,5.28,6.32,8.04,4.09,3.03,1.72
258,1.75,5.02,7.0,1.52,1.98,1.67,6.32,4.81,2.94,6.6,3.47,7.05,1.92,3.45,4.07,6.46,3.49,7.09,5.79,6.23,6.26,3.83,2.95,1.58
259,1.97,4.97,7.0,1.49,1.85,1.68,5.86,4.78,1.99,6.6,3.47,6.83,1.9,3.75,3.83,5.92,3.46,7.05,5.15,6.14,4.68,3.63,3.0,1.59
260,2.18,4.93,7.0,1.47,1.75,1.69,5.4,4.78,3.09,6.6,3.43,6.62,1.88,3.7,3.61,5.06,3.59,7.01,5.28,5.26,6.24,3.71,3.06,1.6
261,2.07,4.81,6.35,1.86,1.73,1.74,5.47,3.95,3.34,5.2,3.38,3.47,2.19,3.52,4.56,5.49,4.03,6.97,5.22,5.15,4.13,3.97,3.11,2.02
262,1.89,4.81,6.21,2.08,1.94,1.93,6.4,3.82,3.15,5.9,3.35,3.91,2.6,3.68,6.04,8.04,4.79,6.97,5.57,6.44,5.88,4.57,3.16,2.19
263,1.96,4.89,6.9,1.95,2.04,1.87,6.62,5.97,3.32,6.5,3.41,6.5,2.5,3.87,5.52,6.61,4.54,6.99,5.46,6.21,8.09,5.2,3.23,1.7
264,1.96,4.89,7.0,1.83,1.89,1.8,5.95,5.03,3.65,6.6,3.54,7.0,2.42,4.05,5.1,6.16,4.24,7.02,5.52,5.68,7.95,5.56,3.4,1.59
265,1.97,4.89,7.0,1.72,1.74,1.74,5.41,4.11,3.77,6.6,3.67,6.88,2.33,4.23,4.84,5.44,4.01,7.04,5.64,5.09,7.33,5.4,3.59,1.59
266,1.98,4.89,7.0,1.6,1.63,1.68,5.01,3.6,3.46,6.6,3.81,6.77,2.24,4.42,4.65,4.72,3.8,7.07,5.76,4.58,6.71,5.22,3.79,1.59
267,1.98,4.89,7.0,1.5,1.57,1.61,4.76,3.28,3.15,6.6,3.94,6.66,2.15,4.33,4.45,4.35,3.66,7.09,5.74,4.36,6.1,5.05,3.98,1.59
268,1.99,4.89,7.0,1.69,1.56,1.55,4.75,3.05,2.85,6.4,4.0,6.12,2.11,3.82,4.74,5.2,4.55,6.44,4.33,4.16,5.25,5.15,4.18,1.59
269,1.99,4.89,7.0,1.67,1.61,1.48,5.13,4.64,3.31,6.6,3.79,6.39,2.14,3.31,5.06,8.04,5.82,6.39,3.64,4.64,4.07,5.27,4.1,1.59
270,1.82,4.63,6.17,1.96,1.66,1.52,5.34,4.69,3.81,4.6,3.55,3.93,2.11,3.14,5.24,5.98,4.98,6.54,4.68,4.46,4.25,5.09,3.56,1.91
271,1.71,4.75,6.21,1.97,1.73,1.76,5.02,4.38,2.91,5.9,3.37,6.57,2.26,3.48,4.56,4.86,4.71,6.64,4.62,4.82,6.43,4.89,3.21,2.01
272,2.11,4.79,5.67,2.31,1.8,2.03,4.73,3.85,2.33,4.6,3.2,4.75,2.42,3.83,3.48,5.1,4.67,5.7,4.78,4.04,5.76,4.67,3.27,2.27
273,1.41,4.35,5.98,2.58,1.9,2.24,4.74,4.2,2.93,4.8,3.05,6.54,2.58,4.2,4.14,5.56,4.85,6.79,4.93,4.09,9.36,4.5,3.37,2.43
274,1.48,4.46,6.3,2.48,2.03,2.22,4.8,4.68,3.61,5.6,3.07,6.66,2.74,4.58,4.77,5.16,5.27,7.31,5.04,4.96,9.27,4.59,3.46,2.35
275,1.69,4.58,6.31,2.38,2.16,2.16,4.87,4.44,3.72,6.3,3.15,5.95,2.8,4.95,4.81,4.61,5.6,7.45,4.97,4.65,7.62,4.73,3.55,2.27
276,1.89,4.69,6.26,2.28,2.28,2.1,4.93,4.25,3.39,5.2,3.22,3.6,2.73,4.95,6.37,4.82,5.54,6.96,4.94,4.14,6.82,4.96,3.6,2.26
277,1.95,4.81,6.22,2.18,2.33,2.04,4.99,4.24,3.36,6.6,3.29,6.19,2.65,4.79,6.0,5.84,5.32,6.56,5.35,5.35,8.46,5.19,3.64,2.27
278,1.97,4.89,6.18,2.09,2.23,1.99,5.07,4.46,3.41,6.6,3.36,8.25,2.58,4.64,5.5,6.13,5.34,6.65,5.78,5.45,10.2,5.43,3.68,2.28
279,1.98,4.89,6.14,2.01,2.15,1.96,5.15,4.69,3.35,6.6,3.43,8.34,2.51,4.49,5.18,5.67,5.19,6.77,5.5,5.41,11.4,5.66,3.69,2.29
280,2.0,4.89,6.09,1.93,2.06,1.92,5.18,4.92,3.28,6.6,3.52,8.23,2.44,4.35,4.86,5.53,5.08,6.69,5.09,5.36,11.3,5.9,3.7,2.3
281,2.01,4.89,6.05,1.85,1.97,1.89,5.09,5.15,3.2,6.6,3.69,8.12,2.37,4.2,4.6,5.48,5.0,6.38,4.74,5.31,11.0,6.08,3.71,2.31
282,2.03,4.89,6.01,1.78,1.91,1.86,5.01,5.32,3.13,6.6,3.87,8.01,2.3,4.06,4.58,5.45,4.93,6.04,4.59,5.25,10.7,5.94,3.72,2.32
283,2.04,4.89,5.97,1.7,1.85,1.84,4.92,4.83,3.06,6.6,4.06,7.9,2.23,3.91,4.61,5.43,4.88,5.7,4.75,5.18,10.4,5.74,3.73,2.33
284,2.06,4.89,5.93,1.62,1.8,1.81,4.83,4.4,3.01,6.6,4.23,7.8,2.16,3.77,4.66,5.4,4.84,5.35,4.87,5.11,10.1,5.54,3.74,2.35
285,2.07,4.89,5.88,1.55,1.75,1.79,4.76,4.22,3.0,6.6,4.19,7.78,2.09,3.66,4.8,5.37,4.83,5.03,4.74,5.03,9.6,5.38,3.73,2.36
286,2.09,4.89,5.84,1.48,1.7,1.77,4.71,4.06,2.99,6.6,4.08,7.77,2.02,3.55,4.94,5.35,4.82,4.87,4.62,4.97,9.11,5.23,3.71,2.37
287,2.1,4.89,5.8,1.46,1.67,1.75,4.65,3.98,2.99,6.6,3.98,7.77,1.98,3.44,4.98,5.32,4.81,4.74,4.66,4.92,8.62,5.07,3.7,2.38
288,2.12,4.89,5.76,1.42,1.65,1.72,4.59,3.92,2.99,6.6,3.87,7.77,1.94,3.33,4.86,5.3,4.81,4.61,4.49,4.87,8.13,4.92,3.69,2.39
289,2.13,4.89,5.71,1.38,1.62,1.7,4.53,3.85,2.99,6.6,3.77,7.76,1.9,3.22,4.77,5.27,4.8,4.48,4.21,4.83,7.64,4.76,3.67,2.4
290,2.15,4.89,5.67,1.35,1.6,1.68,4.47,3.79,2.99,6.6,3.66,7.76,1.86,3.11,4.77,5.24,4.8,4.35,4.13,4.78,7.15,4.61,3.66,2.41
291,2.16,4.89,5.63,1.31,1.57,1.66,4.41,3.72,2.98,6.6,3.55,7.75,1.82,3.02,4.78,5.22,4.85,4.22,4.54,4.74,6.66,4.46,3.64,2.42
292,2.18,4.89,5.59,1.28,1.55,1.63,4.35,3.66,2.98,6.6,3.45,7.74,1.79,2.95,4.79,5.19,4.9,4.09,4.97,4.69,6.32,4.47,3.63,2.43
293,2.19,4.89,5.59,1.27,1.53,1.61,4.23,3.63,2.98,6.6,3.42,7.67,1.79,2.89,4.8,5.17,4.9,3.96,5.01,4.65,6.77,4.66,3.59,2.44
294,2.19,4.89,5.59,1.26,1.51,1.58,4.09,3.61,2.98,6.6,3.41,7.57,1.8,2.82,4.8,5.14,4.88,3.83,4.81,4.61,7.33,4.86,3.56,2.43
295,2.19,4.89,5.59,1.25,1.49,1.56,3.95,3.59,2.97,6.6,3.4,7.48,1.8,2.75,4.81,5.12,4.87,3.7,4.72,4.58,7.89,5.05,3.52,2.42
296,2.19,4.89,5.59,1.24,1.47,1.53,3.8,3.56,2.97,6.6,3.4,7.39,1.8,2.69,4.82,5.09,4.86,3.57,4.86,4.57,8.45,5.18,3.48,2.41
297,2.18,4.89,5.59,1.23,1.46,1.5,3.66,3.54,2.97,6.6,3.39,7.3,1.8,2.63,4.83,5.06,4.84,3.44,4.72,4.56,9.01,4.99,3.44,2.4
298,2.18,4.89,5.59,1.22,1.44,1.48,3.52,3.51,2.96,6.6,3.38,7.21,1.81,2.58,4.84,5.12,4.91,3.31,4.58,4.55,9.49,4.76,3.41,2.39
299,2.18,4.89,5.59,1.21,1.42,1.45,3.39,3.49,2.96,6.6,3.37,7.11,1.81,2.54,4.79,5.12,4.98,3.18,4.44,4.54,9.29,4.52,3.38,2.38
300,2.18,4.89,5.59,1.2,1.4,1.42,3.25,3.47,2.95,6.6,3.36,6.98,1.81,2.49,4.74,5.02,4.98,3.05,4.31,4.53,8.93,4.29,3.35,2.37
301,2.18,4.89,5.59,1.19,1.38,1.4,3.09,3.44,2.94,6.6,3.35,6.84,1.78,2.45,4.69,4.92,4.97,2.92,4.18,4.52,8.57,4.05,3.32,2.36
302,2.18,4.89,5.59,1.18,1.37,1.37,2.93,3.4,2.94,6.6,3.33,6.71,1.76,2.41,4.64,4.81,4.97,2.79,4.05,4.51,8.21,3.81,3.29,2.35
303,2.18,4.89,5.59,1.17,1.35,1.35,2.77,3.32,2.94,6.6,3.32,6.63,1.74,2.37,4.59,4.71,4.97,2.66,3.94,4.5,7.85,3.58,3.26,2.34
304,2.17,4.89,5.59,1.18,1.34,1.32,2.61,3.24,2.93,6.6,3.31,6.57,1.71,2.33,4.54,4.61,4.97,2.53,3.84,4.49,7.41,3.34,3.23,2.33
305,2.17,4.89,5.59,1.2,1.32,1.29,2.56,3.16,2.92,6.6,3.3,6.51,1.69,2.33,4.49,4.51,4.96,2.41,3.85,4.48,6.47,3.11,3.16,2.32
306,2.17,4.89,5.59,1.23,1.3,1.27,2.71,3.07,2.9,6.4,3.28,6.42,1.66,2.35,4.46,4.41,4.97,2.28,3.87,4.47,5.45,2.89,3.03,2.31
307,2.17,4.89,5.59,1.25,1.28,1.24,3.17,2.87,2.88,4.7,3.18,6.1,1.64,2.36,5.09,4.3,5.2,2.13,3.9,4.32,4.74,2.99,2.91,2.3
308,2.17,4.89,5.59,1.24,1.26,1.21,3.95,2.83,2.86,2.7,3.06,6.34,1.62,2.38,5.65,4.0,5.47,1.95,4.01,4.07,6.4,3.18,2.78,2.29
309,2.17,4.89,5.59,1.22,1.24,1.19,3.73,3.52,2.84,2.7,2.95,6.54,1.59,2.39,5.53,3.25,5.13,2.4,4.83,4.49,6.23,3.26,2.65,2.28
310,2.17,4.89,5.59,1.2,1.22,1.16,3.53,3.55,2.79,2.8,2.84,6.44,1.57,2.41,5.4,3.66,4.76,2.6,5.77,4.48,6.02,3.06,2.6,2.27
311,2.16,4.89,5.59,1.17,1.2,1.13,3.47,3.19,2.71,2.8,2.73,6.32,1.55,2.42,5.27,3.94,4.49,2.72,5.53,4.46,5.8,2.86,2.79,2.26
312,2.16,4.89,5.59,1.15,1.18,1.11,3.39,2.84,2.62,2.8,2.62,6.2,1.52,2.44,5.15,3.99,4.36,2.85,4.82,4.45,5.59,2.66,3.0,2.25
313,2.16,4.89,5.59,1.12,1.16,1.08,3.06,2.5,2.51,2.8,2.49,6.09,1.5,2.45,5.03,3.85,4.25,2.97,4.45,4.44,5.35,2.47,3.16,2.24
314,2.16,4.89,5.59,1.1,1.14,1.05,2.69,2.16,2.4,2.8,2.36,5.97,1.48,2.47,4.91,3.69,4.2,3.09,4.22,4.42,4.83,2.29,3.16,2.23
315,2.16,4.89,5.59,1.08,1.14,1.03,2.31,1.83,2.29,2.8,2.23,5.7,1.46,2.5,4.78,3.53,4.22,3.17,4.14,4.4,4.24,2.21,3.14,2.22
316,2.16,4.89,5.59,1.06,1.15,1.02,2.1,1.5,2.18,2.7,2.09,4.55,1.44,2.55,4.69,3.42,4.25,3.25,4.07,4.38,3.65,2.34,3.13,2.21
317,2.16,4.89,5.59,1.04,1.15,1.01,2.98,1.39,2.06,2.3,1.96,4.91,1.42,2.61,5.1,4.05,4.53,3.32,4.18,4.37,4.87,2.48,3.02,2.2
318,2.15,4.89,5.59,1.02,1.15,1.01,3.1,1.84,1.95,2.6,1.83,5.13,1.4,2.66,4.78,4.31,4.35,3.39,4.84,4.67,7.07,2.62,2.58,2.19
319,2.15,4.89,5.59,1.0,1.16,1.0,2.9,2.19,1.83,2.8,1.7,4.59,1.38,2.72,4.13,3.52,3.99,3.47,4.9,4.77,6.78,2.76,2.1,2.18
320,2.15,4.89,5.59,0.982,1.16,0.997,2.71,2.52,1.71,2.8,1.57,2.84,1.32,2.77,3.53,2.88,3.62,3.48,4.39,4.67,6.3,2.97,1.63,2.17
321,2.06,4.73,4.47,1.28,1.17,0.95,2.57,2.4,1.65,2.5,1.49,1.54,1.1,2.72,3.54,3.5,3.55,3.45,3.89,4.76,5.61,3.69,1.24,2.15
322,0.769,3.22,1.55,1.96,1.16,0.62,2.45,1.28,1.31,1.7,1.43,1.12,0.871,1.97,3.97,2.89,4.39,3.39,3.45,4.57,4.4,4.53,0.871,1.88
323,0.385,2.59,3.02,1.84,1.16,0.632,2.32,1.78,1.28,2.7,1.37,3.37,0.875,1.13,3.09,3.01,2.98,3.35,3.06,4.0,3.24,5.25,1.02,1.69
324,0.608,2.78,4.14,1.49,1.16,0.701,2.28,2.72,1.41,2.8,1.34,3.58,0.847,0.995,4.44,3.34,4.13,5.0,3.03,4.57,2.77,4.74,1.39,1.75
325,0.828,2.88,4.18,1.19,1.16,0.741,2.6,2.69,1.55,2.5,1.41,2.93,0.838,1.11,4.14,2.74,4.85,5.4,3.12,4.74,2.49,3.87,1.77,1.73
326,0.78,2.3,2.54,0.926,1.15,0.779,2.98,2.22,1.68,2.5,1.49,3.4,0.861,1.23,4.33,4.63,4.96,5.24,3.17,3.43,2.44,3.08,1.96,1.64
327,0.631,1.76,2.41,0.912,1.17,0.813,3.45,2.59,1.82,3.8,1.59,2.08,1.14,1.4,5.15,7.17,6.13,6.09,4.39,4.22,4.32,3.12,1.76,1.17
328,1.0,3.17,3.43,1.02,1.48,0.863,4.57,3.06,1.95,5.4,1.77,3.22,1.41,1.58,5.73,6.22,5.15,6.3,5.39,5.31,6.61,3.49,1.92,1.46
329,1.11,3.81,3.96,1.07,1.44,0.918,5.83,3.54,2.09,5.4,1.96,4.62,1.43,1.77,5.34,6.31,5.55,6.4,5.94,6.5,7.76,3.86,2.08,1.48
330,1.06,3.93,4.18,1.06,1.4,0.974,6.44,4.02,2.23,5.3,2.15,5.36,1.4,1.96,5.01,6.57,5.57,5.9,5.62,7.02,7.47,4.23,2.24,1.47
331,1.16,4.0,4.22,1.05,1.37,1.03,6.07,4.5,2.36,5.3,2.34,5.61,1.38,2.14,4.68,6.01,5.27,5.41,5.42,6.57,7.18,4.6,2.39,1.47
332,1.28,4.05,4.25,1.04,1.33,1.09,5.7,4.98,2.49,5.3,2.53,5.85,1.36,2.33,4.39,5.58,4.98,4.96,5.27,6.07,6.89,4.97,2.5,1.47
333,1.41,4.09,4.28,1.04,1.29,1.14,5.32,5.38,2.74,5.3,2.71,6.09,1.33,2.51,4.66,5.3,4.69,5.5,5.09,5.55,6.63,5.35,2.57,1.47
334,1.53,4.09,4.31,1.03,1.25,1.21,4.95,5.47,3.65,5.3,2.9,6.26,1.31,2.68,4.33,5.26,4.45,6.4,4.98,4.92,6.51,5.71,2.63,1.48
335,1.66,4.09,4.34,1.02,1.23,1.29,4.58,5.2,4.73,5.3,3.09,6.4,1.29,2.64,4.0,5.01,4.23,7.24,5.0,4.34,6.43,6.08,2.68,1.52
336,1.79,4.08,4.37,1.02,1.2,1.36,4.21,5.01,5.41,5.3,3.28,6.55,1.27,2.52,3.68,4.75,4.11,7.07,5.03,3.92,6.34,6.45,2.73,1.56
337,1.91,4.08,4.4,1.01,1.18,1.49,3.84,4.84,4.8,5.3,3.47,6.69,1.25,2.4,3.36,4.49,4.01,6.52,4.86,4.41,6.26,6.82,2.78,1.6
338,1.8,4.14,4.43,1.02,1.16,1.64,3.47,4.7,4.08,5.3,3.65,6.84,1.23,2.29,3.04,4.24,3.97,5.97,4.6,5.41,6.17,7.18,2.83,1.64
339,1.54,5.81,4.46,1.41,1.25,1.81,3.09,4.51,3.35,5.2,3.66,6.13,1.4,2.52,2.97,4.38,3.99,5.36,4.4,5.53,5.69,7.38,2.88,1.92
340,2.44,7.27,4.58,2.25,1.77,2.05,3.41,3.51,2.63,4.9,3.18,4.18,2.31,3.4,2.75,5.04,4.07,3.57,4.25,4.07,6.35,5.85,2.93,3.23
341,2.57,7.36,5.32,2.16,2.22,2.26,4.7,3.45,3.08,6.2,2.69,6.68,2.51,4.29,3.33,3.99,3.29,5.18,4.52,4.6,8.74,4.22,3.41,3.75
342,2.05,6.57,5.31,1.7,1.97,2.17,4.37,4.49,2.93,5.9,2.51,7.15,2.15,4.99,4.63,4.36,4.57,5.6,4.25,6.06,8.4,4.29,3.33,2.9
343,2.0,6.14,5.3,1.39,1.74,1.99,3.93,4.27,3.66,5.5,2.61,7.03,1.86,4.79,4.74,5.48,5.56,5.61,4.37,6.47,8.06,4.35,3.61,2.08
344,2.02,5.89,5.29,1.17,1.58,1.8,3.74,4.51,3.59,5.3,2.71,6.91,1.71,4.49,4.59,5.37,5.56,5.67,4.71,6.03,7.71,4.49,3.75,1.88
345,2.03,5.64,5.28,1.03,1.43,1.63,4.36,4.84,3.52,5.3,2.81,6.79,1.57,4.19,4.47,5.23,5.51,5.74,4.99,5.52,7.37,4.74,3.63,1.88
346,2.04,5.4,5.28,0.979,1.3,1.51,4.68,4.77,3.46,5.3,2.92,6.67,1.48,3.89,4.34,5.08,5.45,5.8,5.1,5.22,7.03,5.0,3.51,1.88
347,2.05,5.15,5.27,1.02,1.24,1.4,4.41,3.98,3.4,5.3,3.02,6.55,1.42,3.59,4.22,4.93,5.4,5.87,5.04,5.25,6.69,5.27,3.39,1.89
348,2.06,4.9,5.26,1.04,1.16,1.31,4.15,3.33,3.34,5.3,3.13,6.44,1.41,3.3,4.1,4.77,5.35,5.93,4.95,5.27,6.35,5.14,3.26,1.89
349,2.08,4.65,5.25,1.05,1.09,1.26,3.92,2.86,3.27,5.3,3.25,6.32,1.47,3.08,4.0,4.59,5.3,6.0,4.69,5.24,6.08,4.61,3.09,1.89
350,2.09,4.41,5.25,1.07,1.03,1.22,3.7,2.61,3.16,5.3,3.37,6.2,1.57,2.89,3.9,4.4,5.25,6.06,4.41,5.19,5.81,4.13,2.9,1.89
351,2.12,4.26,5.24,1.27,0.977,1.23,3.52,2.49,2.98,5.3,3.48,5.01,1.78,2.7,3.85,4.23,5.22,6.13,4.13,5.29,5.38,4.03,2.71,1.91
352,2.9,7.22,5.23,2.82,1.85,1.89,4.77,2.99,2.49,4.8,3.6,4.2,2.84,2.71,4.4,4.53,5.29,6.19,4.05,5.62,5.7,4.05,2.53,3.33
353,3.25,7.44,5.22,2.58,2.72,2.62,6.65,5.36,2.59,6.0,3.72,6.62,2.89,3.74,5.08,5.11,4.67,6.24,4.16,6.53,8.37,4.14,2.85,3.45
354,2.82,6.68,5.22,2.2,2.13,2.49,6.62,5.69,3.83,5.6,3.84,7.79,2.32,4.83,5.06,5.27,4.68,5.78,4.39,7.05,9.21,4.69,3.51,2.94
355,2.35,4.84,5.21,1.84,1.5,2.25,5.53,5.04,3.76,5.3,3.9,7.31,1.99,4.84,4.95,5.34,5.05,5.22,4.65,7.46,8.9,5.21,3.97,2.45
356,2.1,5.82,5.27,2.05,1.85,2.09,5.64,5.42,3.09,4.0,3.75,3.75,2.27,4.45,5.37,5.32,5.29,5.06,4.71,6.92,7.37,5.15,3.42,2.65
357,2.37,4.91,5.69,1.91,2.75,1.93,6.08,5.02,2.82,5.0,3.58,4.25,2.57,4.05,4.15,5.84,6.11,5.0,4.97,5.77,5.04,4.99,2.94,2.73
358,2.3,5.73,5.45,1.62,2.53,1.86,5.83,5.35,2.98,6.2,3.42,7.15,2.34,3.7,4.47,5.63,5.42,4.82,5.16,6.16,7.57,4.85,3.11,2.75
359,1.83,5.62,5.16,1.39,2.23,1.83,5.49,5.55,3.09,6.1,3.26,8.21,2.11,3.43,4.92,5.32,4.9,4.55,5.03,5.78,9.75,4.73,3.32,2.61
360,1.41,5.16,4.88,1.24,1.99,1.79,5.22,4.93,2.97,6.0,3.1,8.13,1.87,3.54,4.69,5.37,4.54,4.26,4.89,5.62,9.46,4.61,3.53,2.45
361,1.38,4.71,4.6,1.12,1.76,1.75,4.96,4.17,2.8,5.6,2.95,7.92,1.67,3.89,4.35,5.34,4.34,3.99,4.8,5.86,9.0,4.57,3.54,2.29
362,1.38,4.3,4.33,1.07,1.59,1.69,4.76,3.58,2.67,4.9,2.88,7.63,1.6,4.24,4.09,5.05,4.27,3.8,4.6,6.05,8.42,4.94,3.46,2.14
363,1.37,4.24,4.21,1.01,1.43,1.61,4.55,3.14,2.6,4.8,2.81,7.3,1.54,4.16,3.86,4.77,4.23,3.63,4.38,5.83,7.73,5.31,3.35,2.02
364,1.37,4.24,4.16,0.984,1.3,1.53,4.35,2.76,2.53,4.8,2.75,6.96,1.49,3.77,3.63,4.48,4.2,3.45,4.17,5.56,7.11,5.35,3.24,1.92
365,1.36,4.24,4.11,0.97,1.2,1.45,4.15,2.46,2.46,4.8,2.68,6.63,1.47,3.52,3.43,4.2,4.16,3.27,4.04,5.25,6.48,5.18,3.13,1.82
